PAIS,PAIS_ISO3,CONTINENTE,ISO_CONTINENTE,OMS_REGION,FUENTE_DATOS,FECHA_ULT_ACTUALIZACION,TOTAL_VACUNACION_ACUM,NPER_VACUNADAS_1DOSIS,TOTAL_VACUNACION_PER100,NPER_VACUNADAS_1DOSIS_PER100,NPER_VACUNADAS_DOSIS_FULL,NPER_VACUNADAS_DOSIS_FULL_PER100,FECHA_PRIMERA_VACUNA,N_TIPOS_VACUNAS_USADAS,NPER_CON_DOSIS_ADICIONAL,NPER_CON_DOSIS_ADIDICIONAL_PER100
Algeria,DZA,Africa,AF,AFRO,REPORTING,04-09-2022,15267442.0,7840131,34.817,17.879,6481186,14.78,30-01-2021,4.0,575651.0,1.313
Angola,AGO,Africa,AF,AFRO,REPORTING,18-06-2023,25962530.0,15980639,78.994,48.623,9010599,27.416,10-03-2021,1.0,2220003.0,6.755
Armenia,ARM,Asia,AS,EURO,REPORTING,04-06-2023,2158796.0,1122646,72.9,37.886,996804,33.639,27-01-2021,10.0,45446.0,1.534
Aruba,ABW,North America,NA,AMRO,REPORTING,02-06-2023,216974.0,90449,203.224,84.717,84297,78.955,17-02-2021,2.0,35659.0,33.399
Brazil,BRA,South America,SA,AMRO,REPORTING,02-06-2023,513329718.0,188746389,241.499,88.797,171459392,80.664,17-01-2021,5.0,110382337.0,51.93
Burkina Faso,BFA,Africa,AF,AFRO,REPORTING,19-03-2023,6674010.0,5152110,31.928,24.647,4129254,19.754,02-06-2021,3.0,0.0,0.0
Costa Rica,CRI,North America,NA,AMRO,REPORTING,02-06-2023,13371989.0,4641899,262.499,91.123,4358863,85.567,24-12-2020,3.0,2957974.0,58.066
Dominica,DMA,North America,NA,AMRO,REPORTING,02-06-2023,67647.0,32995,93.966,45.832,30659,42.587,12-02-2021,5.0,3993.0,5.547
Finland,FIN,Europe,EU,EURO,REPORTING,11-06-2023,13262633.0,4547390,240.0,82.301,4364869,78.998,23-12-2020,5.0,3088223.0,55.892
French Guiana,GUF,South America,SA,AMRO,REPORTING,02-06-2023,242193.0,100299,81.087,33.581,90464,30.288,13-01-2021,3.0,46331.0,15.512
Gabon,GAB,Africa,AF,AFRO,REPORTING,05-02-2023,572672.0,311244,25.73,13.984,257471,11.568,23-03-2021,3.0,2592.0,0.116
Haiti,HTI,North America,NA,AMRO,REPORTING,02-06-2023,664150.0,521396,5.825,4.573,350403,3.073,0,2.0,0.0,0.0
Iceland,ISL,Europe,EU,EURO,REPORTING,16-04-2023,869976.0,307269,238.9,84.403,297921,81.816,30-12-2020,5.0,254556.0,69.907
Jersey,JEY,Europe,EU,EURO,OWID,29-01-2023,266953.0,84365,247.646,78.264,81882,75.96,0,3.0,73662.0,68.335
Lebanon,LBN,Asia,AS,EMRO,REPORTING,22-12-2022,5814699.0,2740227,85.192,40.147,2414223,35.371,14-02-2021,10.0,660249.0,9.673
Malaysia,MYS,Asia,AS,WPRO,REPORTING,04-06-2023,72628221.0,28137456,224.397,86.935,27550446,85.122,24-02-2021,8.0,16336757.0,50.475
Marshall Islands,MHL,Oceania,OC,WPRO,REPORTING,24-03-2023,110742.0,47077,187.083,79.53,40689,68.738,29-12-2020,3.0,18559.0,31.353
Myanmar,MMR,Asia,AS,SEARO,REPORTING,02-05-2023,89454913.0,40354937,164.41,74.169,35196377,64.688,27-01-2021,2.0,13903599.0,25.553
Oman,OMN,Asia,AS,EMRO,REPORTING,25-10-2022,7086050.0,3257365,138.762,63.787,3048826,59.703,29-12-2020,11.0,779859.0,15.272
Pakistan,PAK,Asia,AS,EMRO,REPORTING,20-06-2023,339759802.0,165560136,153.812,74.951,140466099,63.59,03-02-2021,11.0,51955559.0,23.521
Republic of Moldova,MDA,Europe,EU,EURO,REPORTING,11-06-2023,2288948.0,1108879,56.7,27.489,1078505,26.736,03-03-2021,7.0,402985.0,9.99
Saint Kitts and Nevis,KNA,North America,NA,AMRO,REPORTING,02-06-2023,64297.0,33794,120.877,63.532,27000,50.76,22-02-2021,3.0,3465.0,6.514
Slovenia,SVN,Europe,EU,EURO,REPORTING,04-06-2023,3006861.0,1222336,143.5,58.321,1192059,56.877,23-12-2020,8.0,649891.0,31.008
Somalia,SOM,Africa,AF,EMRO,REPORTING,30-04-2023,9443849.0,8370355,59.421,52.666,7035193,44.265,16-03-2021,11.0,0.0,0.0
Togo,TGO,Africa,AF,AFRO,REPORTING,28-05-2023,3405893.0,2248264,41.14,27.157,1554066,18.772,10-03-2021,1.0,427804.0,5.168
Tokelau,TKL,Oceania,OC,WPRO,REPORTING,05-12-2022,6342.0,2203,469.778,163.185,2203,163.185,20-07-2021,1.0,968.0,71.704
Tunisia,TUN,Africa,AF,EMRO,REPORTING,20-06-2023,13253317.0,7218871,112.139,61.08,6401841,54.167,13-03-2021,10.0,1258577.0,10.649
Vanuatu,VUT,Oceania,OC,WPRO,REPORTING,20-02-2023,355430.0,176624,115.721,57.505,162250,52.825,02-06-2021,3.0,16556.0,5.39
Andorra,AND,Europe,EU,EURO,REPORTING,21-05-2023,157059.0,57912,203.3,76.023,53500,70.231,20-01-2021,4.0,43068.0,56.537
Anguilla,AIA,North America,NA,AMRO,REPORTING,02-06-2023,24611.0,10854,164.051,72.35,10380,69.191,05-02-2021,2.0,3046.0,20.304
Bahamas,BHS,North America,NA,AMRO,REPORTING,02-06-2023,366359.0,174810,93.163,44.453,166972,42.46,14-03-2021,4.0,33717.0,8.574
Barbados,BRB,North America,NA,AMRO,REPORTING,02-06-2023,381721.0,163846,132.83,57.015,155036,53.949,08-01-2021,5.0,62839.0,21.867
Belarus,BLR,Europe,EU,EURO,REPORTING,14-05-2023,21997703.0,6439812,232.8,68.151,6355081,67.254,03-02-2021,5.0,5713720.0,60.467
Belize,BLZ,North America,NA,AMRO,REPORTING,02-06-2023,510770.0,258456,128.454,64.999,221408,55.682,01-03-2021,5.0,50238.0,12.634
Benin,BEN,Africa,AF,AFRO,REPORTING,18-12-2022,4232541.0,3697190,34.913,30.497,2742837,22.625,29-03-2021,5.0,0.0,0.0
Bermuda,BMU,North America,NA,AMRO,REPORTING,02-06-2023,132042.0,48554,212.037,77.97,47657,76.529,11-01-2021,3.0,31829.0,51.112
Bolivia (Plurinational State of),BOL,South America,SA,AMRO,REPORTING,02-06-2023,16016290.0,7492606,137.208,64.187,6295624,53.933,30-01-2021,7.0,2487668.0,21.311
"Bonaire, Sint Eustatius and Saba",BES,North America,NA,AMRO,OWID,01-09-2021,35845.0,19109,137.934,73.533,16736,64.401,0,2.0,0.0,0.0
Botswana,BWA,Africa,AF,AFRO,REPORTING,07-05-2023,3171667.0,1951054,134.871,82.966,1663490,70.738,26-03-2021,6.0,507654.0,21.587
Cambodia,KHM,Asia,AS,WPRO,REPORTING,07-06-2023,47096851.0,15290443,281.697,91.456,14663743,87.707,10-02-2021,7.0,10663964.0,63.784
Cameroon,CMR,Africa,AF,AFRO,REPORTING,11-06-2023,4784894.0,3692198,18.025,13.909,3139931,11.828,12-04-2021,4.0,775293.0,2.921
Canada,CAN,North America,NA,AMRO,REPORTING,02-06-2023,97596974.0,32645232,258.589,86.495,31311576,82.962,14-12-2020,6.0,19776324.0,52.399
Chad,TCD,Africa,AF,AFRO,REPORTING,11-06-2023,8549887.0,6254729,52.051,38.079,6127422,37.303,04-06-2021,1.0,4042573.0,24.611
Croatia,HRV,Europe,EU,EURO,REPORTING,11-06-2023,5432701.0,2320124,133.9,57.206,2246534,55.358,23-12-2020,6.0,994415.0,24.504
French Polynesia,PYF,Oceania,OC,WPRO,REPORTING,01-05-2023,480028.0,190908,170.884,67.961,186803,66.5,18-01-2021,2.0,102317.0,36.424
Georgia,GEO,Asia,AS,EURO,REPORTING,16-04-2023,2738178.0,1300473,68.6,32.6,1186709,29.748,17-03-2021,4.0,250996.0,6.292
Grenada,GRD,North America,NA,AMRO,REPORTING,02-06-2023,90686.0,44241,80.593,39.317,39034,34.69,15-02-2021,5.0,7411.0,6.586
Indonesia,IDN,Asia,AS,SEARO,REPORTING,06-06-2023,447595845.0,203845350,163.641,74.526,174893201,63.941,13-01-2021,7.0,68857294.0,25.174
Iran (Islamic Republic of),IRN,Asia,AS,EMRO,REPORTING,20-06-2023,155426133.0,65190174,185.047,77.614,58575727,69.739,09-02-2021,12.0,28573004.0,34.018
Kenya,KEN,Africa,AF,AFRO,REPORTING,02-04-2023,23750431.0,14494372,44.169,26.956,11090440,20.625,05-03-2021,5.0,2000636.0,3.721
Kosovo,XKX,Sin Determinar,Z9,EURO,REPORTING,15-01-2023,1836901.0,904558,102.3,50.375,824752,45.93,31-03-2021,2.0,105624.0,5.882
Liberia,LBR,Africa,AF,AFRO,REPORTING,11-12-2022,4460668.0,3903802,88.196,77.186,3730967,73.768,01-04-2021,1.0,1987.0,0.039
Madagascar,MDG,Africa,AF,AFRO,REPORTING,18-06-2023,3021300.0,2643237,10.911,9.545,2563217,9.256,10-05-2021,3.0,160752.0,0.581
Mauritania,MRT,Africa,AF,AFRO,REPORTING,14-05-2023,4068530.0,2101236,87.502,45.191,1538089,33.08,26-03-2021,2.0,383866.0,8.256
Nepal,NPL,Asia,AS,SEARO,REPORTING,20-06-2023,62086946.0,27804935,213.088,95.429,24389063,83.705,27-01-2021,8.0,9892948.0,33.953
Argentina,ARG,South America,SA,AMRO,REPORTING,07-10-2022,109652736.0,41324100,242.617,91.434,37840119,83.725,29-12-2020,7.0,30810184.0,68.17
Australia,AUS,Oceania,OC,WPRO,REPORTING,24-03-2023,65492360.0,22231907,256.834,87.184,21648824,84.898,21-02-2021,5.0,14368201.0,56.346
Bahrain,BHR,Asia,AS,EMRO,REPORTING,21-12-2022,3476633.0,1241174,204.319,72.943,1226796,72.098,04-11-2020,11.0,1008663.0,59.278
British Virgin Islands,VGB,North America,NA,AMRO,REPORTING,02-06-2023,41453.0,19466,137.094,64.378,18261,60.393,11-02-2021,3.0,3726.0,12.323
Egypt,EGY,Africa,AF,EMRO,REPORTING,21-05-2023,112673535.0,56907319,110.103,55.609,42337175,41.371,24-01-2021,10.0,15217352.0,14.87
El Salvador,SLV,North America,NA,AMRO,REPORTING,02-06-2023,11426688.0,4656627,176.169,71.793,4393762,67.74,17-02-2021,6.0,1898202.0,29.265
Eswatini,SWZ,Africa,AF,AFRO,REPORTING,04-06-2023,870205.0,526050,75.007,45.343,427335,36.834,19-03-2021,3.0,179450.0,15.468
Greece,GRC,Europe,EU,EURO,REPORTING,11-06-2023,21983798.0,7916555,205.1,73.858,7744795,72.256,23-12-2020,7.0,5902253.0,55.066
Guam,GUM,Oceania,OC,WPRO,REPORTING,31-01-2023,352698.0,135612,208.975,80.351,128788,76.308,04-01-2021,3.0,83603.0,49.535
India,IND,Asia,AS,SEARO,REPORTING,27-06-2023,2206737729.0,1025823823,159.908,74.335,952120865,68.994,16-01-2021,8.0,228793041.0,16.579
Latvia,LVA,Europe,EU,EURO,REPORTING,11-06-2023,2979616.0,1344368,156.2,70.477,1304768,68.396,30-12-2020,9.0,550859.0,28.876
Lesotho,LSO,Africa,AF,AFRO,REPORTING,19-03-2023,1339097.0,1014073,62.509,47.337,938088,43.79,10-03-2021,3.0,177816.0,8.3
Luxembourg,LUX,Europe,EU,EURO,REPORTING,11-06-2023,1337797.0,469270,213.7,74.95,462702,73.901,30-12-2020,8.0,368484.0,58.853
Montserrat,MSR,North America,NA,AMRO,REPORTING,02-06-2023,4619.0,2104,92.398,42.088,1952,39.048,08-02-2021,2.0,563.0,11.262
Namibia,NAM,Africa,AF,AFRO,REPORTING,18-06-2023,992661.0,618314,39.067,24.334,540692,21.28,19-03-2021,4.0,298560.0,11.75
Papua New Guinea,PNG,Oceania,OC,WPRO,REPORTING,04-06-2023,532983.0,390289,5.957,4.362,329329,3.681,30-03-2021,4.0,35747.0,0.4
Portugal,PRT,Europe,EU,EURO,REPORTING,11-06-2023,27777341.0,9788002,269.8,95.23,8902934,86.471,23-12-2020,12.0,7054573.0,68.518
Qatar,QAT,Asia,AS,EMRO,REPORTING,07-05-2023,7609178.0,2852178,264.111,98.998,2852178,98.998,0,10.0,1904822.0,66.115
Saudi Arabia,SAU,Asia,AS,EMRO,REPORTING,25-04-2023,68534631.0,27041364,196.86,77.674,25433941,73.057,06-01-2021,10.0,16059326.0,46.129
Senegal,SEN,Africa,AF,AFRO,REPORTING,07-05-2023,2936343.0,2684696,17.537,16.034,1442833,8.617,23-02-2021,3.0,815965.0,4.873
Sint Maarten,SXM,Sin Determinar,Z9,AMRO,REPORTING,02-06-2023,66829.0,29788,155.844,69.465,26773,62.434,22-02-2021,3.0,9146.0,21.328
South Africa,ZAF,Africa,AF,AFRO,REPORTING,04-06-2023,38882146.0,24210953,65.559,40.822,21038797,35.473,17-02-2021,2.0,4410601.0,7.437
Sri Lanka,LKA,Asia,AS,SEARO,REPORTING,30-10-2022,40116590.0,17143761,187.345,80.061,14752827,68.896,29-01-2021,6.0,8220002.0,38.387
United Arab Emirates,ARE,Asia,AS,EMRO,REPORTING,06-07-2022,24922054.0,9991089,251.982,101.018,9792266,99.008,0,11.0,5138699.0,51.956
United States of America,USA,North America,NA,AMRO,REPORTING,02-06-2023,668882018.0,267321711,202.078,80.761,227948938,68.866,14-12-2020,4.0,116629517.0,35.235
Uzbekistan,UZB,Asia,AS,EURO,REPORTING,04-06-2023,80043836.0,22149587,239.2,66.611,18324762,54.751,28-04-2021,9.0,16136680.0,48.214
Wallis and Futuna,WLF,Oceania,OC,WPRO,REPORTING,23-01-2023,17303.0,7150,153.859,63.578,6803,60.493,19-03-2021,1.0,3350.0,29.788
American Samoa,ASM,Oceania,OC,WPRO,REPORTING,29-03-2023,114706.0,46206,207.812,83.711,42479,76.959,21-12-2020,3.0,24160.0,43.77
Austria,AUT,Europe,EU,EURO,REPORTING,11-06-2023,20402999.0,6899834,229.2,77.626,6682310,75.073,30-12-2020,10.0,5405808.0,60.732
Bangladesh,BGD,Asia,AS,SEARO,REPORTING,25-06-2023,360177584.0,151379833,218.701,91.918,141208849,85.743,27-01-2021,8.0,67588902.0,41.04
Brunei Darussalam,BRN,Asia,AS,WPRO,REPORTING,28-04-2023,1291978.0,451032,295.323,103.098,446630,102.092,03-04-2021,5.0,340379.0,77.805
Bulgaria,BGR,Europe,EU,EURO,REPORTING,11-06-2023,4618004.0,2108377,66.4,30.33,2080169,29.924,30-12-2020,4.0,832572.0,11.977
Central African Republic,CAF,Africa,AF,AFRO,REPORTING,18-06-2023,3109186.0,2600389,64.375,53.841,2484985,51.451,19-03-2021,2.0,366221.0,7.583
Cuba,CUB,North America,NA,AMRO,REPORTING,02-06-2023,38105906.0,10749013,336.428,94.9,10016328,88.432,0,3.0,8742146.0,77.182
Curaçao,CUW,North America,NA,AMRO,REPORTING,02-06-2023,260324.0,108601,158.644,66.183,100885,61.48,24-02-2021,3.0,43138.0,26.289
Ecuador,ECU,South America,SA,AMRO,REPORTING,24-02-2023,39495110.0,15329151,223.856,86.885,14233323,80.674,20-01-2021,4.0,7708466.0,43.691
Estonia,EST,Europe,EU,EURO,REPORTING,11-06-2023,2204676.0,845120,165.9,63.592,842153,63.369,23-12-2020,9.0,487291.0,36.667
Ethiopia,ETH,Africa,AF,AFRO,REPORTING,28-05-2023,68856793.0,52489512,59.894,45.658,43653006,37.971,13-03-2021,4.0,5978070.0,5.2
Fiji,FJI,Oceania,OC,WPRO,REPORTING,27-04-2023,1555182.0,712025,173.483,79.428,641194,71.526,07-03-2021,3.0,172046.0,19.192
Gambia,GMB,Africa,AF,AFRO,REPORTING,19-03-2023,1444492.0,674314,59.772,27.903,539186,22.311,10-03-2021,2.0,53741.0,2.224
Guadeloupe,GLP,North America,NA,AMRO,REPORTING,02-06-2023,400129.0,152113,100.001,38.016,146098,36.513,08-01-2021,7.0,89009.0,22.245
Honduras,HND,North America,NA,AMRO,REPORTING,02-06-2023,16901540.0,6485671,170.643,65.481,5751048,58.064,22-02-2021,6.0,4665196.0,47.101
Ireland,IRL,Europe,EU,EURO,REPORTING,11-06-2023,12386942.0,4108479,249.5,85.508,4062803,81.838,30-12-2020,5.0,3057548.0,61.589
Jordan,JOR,Asia,AS,EMRO,REPORTING,21-08-2022,10057975.0,4821579,98.577,47.256,4558313,44.676,13-01-2021,10.0,682211.0,6.686
Libya,LBY,Africa,AF,EMRO,REPORTING,16-01-2023,3739158.0,2316327,54.417,33.71,1236102,17.989,11-04-2021,10.0,186729.0,2.718
Lithuania,LTU,Europe,EU,EURO,REPORTING,11-06-2023,4532385.0,1956467,162.2,70.176,1907044,68.253,23-12-2020,5.0,902046.0,32.284
Malawi,MWI,Africa,AF,AFRO,REPORTING,18-06-2023,8306224.0,5343858,43.42,27.935,4199954,21.955,11-03-2021,2.0,1130407.0,5.909
Maldives,MDV,Asia,AS,SEARO,REPORTING,25-05-2023,951764.0,399308,176.075,73.872,385167,71.255,01-02-2021,8.0,167289.0,30.948
Malta,MLT,Europe,EU,EURO,REPORTING,11-06-2023,1280143.0,450522,248.8,87.554,444900,86.462,23-12-2020,4.0,352633.0,68.53
Netherlands,NLD,Europe,EU,EURO,REPORTING,11-09-2022,36105753.0,12776868,207.4,73.398,11957152,68.689,06-01-2021,6.0,9417108.0,54.098
Niger,NER,Africa,AF,AFRO,REPORTING,12-03-2023,7339299.0,6217508,30.319,25.685,5454196,22.532,29-03-2021,2.0,0.0,0.0
Romania,ROU,Europe,EU,EURO,REPORTING,11-06-2023,16110560.0,8187976,83.3,42.361,8142177,42.125,27-01-2021,4.0,1768737.0,9.151
Saint Vincent and the Grenadines,VCT,North America,NA,AMRO,REPORTING,02-06-2023,73443.0,37532,66.201,33.831,31632,28.513,01-02-2021,5.0,4279.0,3.857
Slovakia,SVK,Europe,EU,EURO,REPORTING,11-06-2023,7221055.0,2839404,132.3,52.024,2791174,51.14,23-12-2020,7.0,1686230.0,30.895
Solomon Islands,SLB,Oceania,OC,WPRO,REPORTING,30-04-2023,610594.0,334834,88.893,48.747,252585,36.773,23-03-2021,4.0,27444.0,3.995
Sudan,SDN,Africa,AF,EMRO,REPORTING,02-04-2023,22598737.0,15207452,51.537,34.681,13416394,30.597,09-03-2021,11.0,3891363.0,8.874
Tonga,TON,Oceania,OC,WPRO,REPORTING,30-04-2023,204640.0,87345,193.614,82.639,77366,73.197,14-04-2021,2.0,38545.0,36.468
United Republic of Tanzania,TZA,Africa,AF,AFRO,REPORTING,12-03-2023,39392419.0,34434933,65.946,57.647,32165791,53.848,28-07-2021,3.0,0.0,0.0
Uruguay,URY,South America,SA,AMRO,REPORTING,02-06-2023,9023199.0,3009801,259.755,86.645,2902437,83.554,27-02-2021,3.0,2079949.0,59.877
Venezuela (Bolivarian Republic of),VEN,South America,SA,AMRO,REPORTING,02-06-2023,37860994.0,22157232,133.145,77.92,14287370,50.244,22-02-2021,6.0,651502.0,2.291
Zambia,ZMB,Africa,AF,AFRO,REPORTING,09-04-2023,13614983.0,11637730,74.059,63.304,9147920,49.76,14-04-2021,3.0,1137360.0,6.187
Zimbabwe,ZWE,Africa,AF,AFRO,REPORTING,18-06-2023,13935112.0,7340570,93.758,49.388,5504472,37.035,18-02-2021,4.0,2140084.0,14.399
Albania,ALB,Europe,EU,EURO,REPORTING,14-05-2023,3080679.0,1348396,107.0,47.379,1277987,44.905,13-01-2021,6.0,399190.0,14.027
Chile,CHL,South America,SA,AMRO,REPORTING,02-06-2023,66273384.0,18106832,346.687,94.72,17716364,92.677,21-12-2020,5.0,15766986.0,82.48
Congo,COG,Africa,AF,AFRO,REPORTING,31-07-2022,833210.0,695760,15.1,12.609,654119,11.854,23-03-2021,4.0,0.0,0.0
Côte d’Ivoire,CIV,Africa,AF,AFRO,REPORTING,19-02-2023,25263932.0,13568372,95.776,51.438,12164304,46.115,01-03-2021,5.0,3138712.0,11.899
Denmark,DNK,Europe,EU,EURO,REPORTING,11-06-2023,14986863.0,4767119,257.4,81.87,4731911,81.266,16-12-2020,5.0,3634971.0,62.427
Greenland,GRL,North America,NA,EURO,OWID,14-03-2022,79738.0,41227,140.453,72.619,38511,67.834,0,1.0,0.0,0.0
Guernsey,GGY,Europe,EU,EURO,OWID,19-12-2022,178525.0,54223,276.92,84.108,52710,81.761,0,3.0,69339.0,107.556
Guinea,GIN,Africa,AF,AFRO,REPORTING,02-04-2023,10645240.0,7679918,81.058,58.479,4725982,35.986,05-03-2021,6.0,302545.0,2.304
Guinea-Bissau,GNB,Africa,AF,AFRO,REPORTING,04-06-2023,825234.0,733271,41.933,37.26,533741,27.121,02-04-2021,2.0,48801.0,2.48
Guyana,GUY,South America,SA,AMRO,REPORTING,02-06-2023,960133.0,495285,122.069,62.969,381984,48.564,11-02-2021,7.0,77874.0,9.901
Hungary,HUN,Europe,EU,EURO,REPORTING,11-06-2023,16570212.0,6358579,169.6,65.086,6151942,62.971,23-12-2020,8.0,3868612.0,39.599
Japan,JPN,Asia,AS,WPRO,REPORTING,06-06-2023,392346325.0,104715237,310.213,82.794,103392920,81.749,17-02-2021,4.0,86527378.0,68.414
Kyrgyzstan,KGZ,Asia,AS,EURO,REPORTING,14-05-2023,3132083.0,1516221,48.0,23.24,1332740,20.428,31-03-2021,6.0,283122.0,4.34
Mauritius,MUS,Africa,AF,AFRO,REPORTING,28-05-2023,2615287.0,1123773,205.642,88.363,1088142,85.561,26-01-2021,3.0,640419.0,50.357
Mongolia,MNG,Asia,AS,WPRO,REPORTING,17-03-2023,5668144.0,2284018,172.899,69.671,2185282,66.659,23-02-2021,6.0,1058839.0,32.299
North Macedonia,MKD,Europe,EU,EURO,REPORTING,07-05-2023,1862987.0,854570,89.4,41.159,838181,40.37,17-02-2021,7.0,161633.0,7.785
Seychelles,SYC,Africa,AF,AFRO,REPORTING,09-04-2023,224558.0,88520,228.332,90.008,83565,84.97,10-01-2021,4.0,44936.0,45.691
Trinidad and Tobago,TTO,North America,NA,AMRO,REPORTING,02-06-2023,1589640.0,754399,113.587,53.905,718969,51.374,17-02-2021,5.0,174836.0,12.493
Turkmenistan,TKM,Asia,AS,EURO,REPORTING,05-02-2023,13040514.0,3359468,216.2,55.702,3358426,55.684,24-02-2021,7.0,3171535.0,52.586
Uganda,UGA,Africa,AF,AFRO,REPORTING,28-05-2023,26406936.0,20033189,57.731,43.797,13061126,28.555,10-03-2021,5.0,764664.0,1.672
Ukraine,UKR,Europe,EU,EURO,REPORTING,27-02-2022,31668577.0,15774300,72.4,36.069,15153577,34.65,24-02-2021,6.0,741197.0,1.695
Yemen,YEM,Asia,AS,EMRO,REPORTING,20-06-2023,1282460.0,1037766,4.3,3.479,794265,2.663,20-04-2021,11.0,65523.0,0.22
New Caledonia,NCL,Oceania,OC,WPRO,REPORTING,03-04-2023,480497.0,192371,168.301,67.381,184801,64.729,20-01-2021,2.0,103325.0,36.191
Nigeria,NGA,Africa,AF,AFRO,REPORTING,19-03-2023,116606863.0,82325196,56.567,39.937,69793071,33.857,05-03-2021,1.0,12313372.0,5.973
Niue,NIU,Oceania,OC,WPRO,REPORTING,04-03-2023,4923.0,1638,304.265,101.236,1635,101.051,08-06-2021,1.0,1225.0,75.711
occupied Palestinian territory,PSE,Asia,AS,EMRO,REPORTING,18-10-2022,3748571.0,2012767,73.481,39.455,1776973,34.833,02-02-2021,10.0,336967.0,6.605
Saba,XCA,Sin Determinar,Z9,AMRO,REPORTING,02-06-2023,4979.0,1687,257.579,87.274,1667,86.239,0,0.0,1170.0,60.528
San Marino,SMR,Europe,EU,EURO,REPORTING,22-05-2022,69338.0,26357,204.3,76.501,23633,68.595,24-02-2021,2.0,19348.0,56.158
South Sudan,SSD,Africa,AF,AFRO,REPORTING,07-05-2023,4312900.0,4262480,38.53,38.079,4220606,37.705,06-04-2021,2.0,440238.0,3.933
Tajikistan,TJK,Asia,AS,EURO,REPORTING,04-12-2022,18871161.0,5311967,197.9,55.695,5170582,54.212,24-03-2021,6.0,5200841.0,54.53
Turks and Caicos Islands,TCA,North America,NA,AMRO,REPORTING,02-06-2023,73907.0,32815,190.885,84.754,30710,79.317,11-01-2021,1.0,7443.0,19.224
Antigua and Barbuda,ATG,North America,NA,AMRO,REPORTING,02-06-2023,136512.0,64290,139.399,65.65,62384,63.703,01-03-2021,6.0,9838.0,10.046
Bonaire,XAA,Sin Determinar,Z9,AMRO,REPORTING,02-06-2023,43070.0,17460,205.929,83.481,16189,77.404,0,0.0,8125.0,38.848
Colombia,COL,South America,SA,AMRO,REPORTING,02-06-2023,90506612.0,43012174,177.872,84.532,37019801,72.755,17-02-2021,5.0,14792792.0,29.072
Comoros,COM,Africa,AF,AFRO,REPORTING,02-10-2022,835021.0,438825,96.023,50.463,397080,45.662,10-04-2021,3.0,0.0,0.0
Cyprus,CYP,Asia,AS,EURO,REPORTING,11-06-2023,1858908.0,669218,209.3,75.369,656129,73.888,23-12-2020,5.0,487380.0,54.885
Democratic Republic of the Congo,COD,Africa,AF,AFRO,REPORTING,04-06-2023,18808671.0,17045721,21.001,19.032,14399520,16.078,19-04-2021,1.0,0.0,0.0
Equatorial Guinea,GNQ,Africa,AF,AFRO,REPORTING,24-07-2022,488738.0,270109,34.836,19.252,214032,15.255,12-02-2021,2.0,4597.0,0.328
Eritrea,ERI,Africa,AF,AFRO,REPORTING,03-07-2022,0.0,0,0.0,0.0,0,0.0,0,0.0,0.0,0.0
Ghana,GHA,Africa,AF,AFRO,REPORTING,26-03-2023,22384226.0,13221421,72.038,42.55,10170298,32.73,02-03-2021,2.0,4062970.0,13.076
Iraq,IRQ,Asia,AS,EMRO,REPORTING,02-01-2023,19557364.0,11332925,48.623,28.176,7944775,19.752,02-03-2021,10.0,275280.0,0.684
Isle of Man,IMN,Europe,EU,EURO,OWID,23-06-2022,189994.0,69560,223.438,81.804,67106,78.919,0,3.0,53328.0,62.715
Jamaica,JAM,North America,NA,AMRO,REPORTING,02-06-2023,1525895.0,858035,51.53,28.976,758800,25.625,10-03-2021,6.0,45995.0,1.553
Liechtenstein,LIE,Europe,EU,OTHER,REPORTING,10-04-2022,71104.0,26681,183.5,68.86,26346,67.995,06-01-2021,3.0,18310.0,47.255
Mali,MLI,Africa,AF,AFRO,REPORTING,14-05-2023,5922585.0,4354292,29.246,21.502,3633589,17.943,31-03-2021,1.0,0.0,0.0
Martinique,MTQ,North America,NA,AMRO,REPORTING,02-06-2023,401816.0,150795,107.075,40.184,145536,38.782,0,2.0,92919.0,24.761
Mexico,MEX,North America,NA,AMRO,REPORTING,02-06-2023,222226293.0,96727823,172.358,75.022,81346379,63.092,24-12-2020,8.0,57014052.0,44.22
Monaco,MCO,Europe,EU,EURO,REPORTING,04-12-2022,71027.0,25319,181.0,64.517,24933,63.533,30-06-2021,7.0,17806.0,45.373
Montenegro,MNE,Europe,EU,EURO,REPORTING,04-12-2022,523735.0,272152,83.4,43.763,251583,40.456,24-02-2021,5.0,0.0,0.0
Morocco,MAR,Africa,AF,EMRO,REPORTING,14-05-2023,55389602.0,25020168,150.064,67.786,23521989,63.727,28-01-2021,10.0,6884356.0,18.651
Mozambique,MOZ,Africa,AF,AFRO,REPORTING,18-06-2023,34948793.0,22869646,111.817,73.17,21329745,68.243,08-03-2021,3.0,2323562.0,7.434
Northern Mariana Islands (Commonwealth of the),MNP,Oceania,OC,WPRO,REPORTING,30-05-2023,123536.0,46824,214.632,81.352,45953,79.839,19-12-2020,3.0,26121.0,45.383
Norway,NOR,Europe,EU,EURO,REPORTING,11-06-2023,12336663.0,4347197,229.8,80.99,4062204,75.68,23-12-2020,4.0,3020810.0,56.279
Panama,PAN,North America,NA,AMRO,REPORTING,02-06-2023,8901881.0,3533579,206.312,81.895,3174229,73.567,20-01-2021,2.0,1769698.0,41.015
Peru,PER,South America,SA,AMRO,REPORTING,02-06-2023,89593907.0,30487563,271.728,92.465,28654963,86.907,09-02-2021,4.0,22143074.0,67.158
Poland,POL,Europe,EU,EURO,REPORTING,11-06-2023,58223243.0,22983299,153.4,60.549,22704578,59.815,23-12-2020,5.0,12532074.0,33.016
Puerto Rico,PRI,North America,NA,AMRO,REPORTING,02-06-2023,7846764.0,2905470,274.281,101.56,2688410,93.972,0,4.0,1808780.0,63.225
Sao Tome and Principe,STP,Africa,AF,AFRO,REPORTING,04-06-2023,263275.0,140256,120.13,63.997,111986,51.098,15-03-2021,2.0,34624.0,15.799
Suriname,SUR,South America,SA,AMRO,REPORTING,02-06-2023,554588.0,267820,94.538,45.654,237879,40.55,23-02-2021,5.0,48889.0,8.334
Azerbaijan,AZE,Asia,AS,EURO,REPORTING,11-06-2023,13825256.0,5434679,136.4,53.601,4887727,48.206,20-01-2021,5.0,3502852.0,34.548
Belgium,BEL,Europe,EU,EURO,REPORTING,11-06-2023,29118547.0,9254386,252.7,80.316,9158159,79.481,30-12-2020,4.0,7244723.0,62.875
Bhutan,BTN,Asia,AS,SEARO,REPORTING,30-10-2022,2011426.0,699116,260.68,90.605,677669,87.826,27-03-2021,5.0,634641.0,82.249
Bosnia and Herzegovina,BIH,Europe,EU,EURO,REPORTING,29-01-2022,1924950.0,943394,58.7,28.755,846080,25.789,0,4.0,0.0,0.0
China,CHN,Asia,AS,WPRO,REPORTING,23-03-2023,3515872818.0,1317994878,238.966,89.581,1284413713,87.299,22-07-2020,8.0,833820382.0,56.673
Cook Islands,COK,Oceania,OC,WPRO,REPORTING,31-01-2023,40080.0,15112,228.194,86.04,14728,83.853,17-05-2021,1.0,10240.0,58.301
Czechia,CZE,Europe,EU,EURO,REPORTING,11-06-2023,18614714.0,6972162,174.1,65.197,6887894,64.409,23-12-2020,9.0,4365749.0,40.825
Djibouti,DJI,Africa,AF,EMRO,REPORTING,18-04-2023,392703.0,372077,39.747,37.66,351712,35.598,15-03-2021,11.0,0.0,0.0
Dominican Republic,DOM,North America,NA,AMRO,REPORTING,02-06-2023,15972891.0,7322815,147.244,67.504,6095810,56.193,16-02-2021,5.0,2554266.0,23.546
Germany,DEU,Europe,EU,EURO,REPORTING,11-06-2023,193234743.0,64867580,232.3,77.997,63564568,76.43,23-12-2020,9.0,52142370.0,62.696
Gibraltar,GIB,Europe,EU,EURO,OWID,16-12-2022,132810.0,42175,394.2,125.182,41465,123.074,0,2.0,49170.0,145.944
Guatemala,GTM,North America,NA,AMRO,REPORTING,02-06-2023,20370595.0,8935137,113.703,49.874,7127944,39.786,25-02-2021,5.0,3719543.0,20.762
Israel,ISR,Asia,AS,EURO,REPORTING,05-06-2022,17915305.0,7055466,207.0,81.514,6385731,73.776,16-12-2020,3.0,4474108.0,51.691
Kazakhstan,KAZ,Asia,AS,EURO,REPORTING,30-04-2023,38355605.0,12443364,204.3,66.27,13070774,69.612,07-04-2021,5.0,6801526.0,36.223
Kuwait,KWT,Asia,AS,EMRO,REPORTING,18-06-2023,8260540.0,3457150,193.429,80.953,3345866,78.347,28-12-2020,10.0,1457524.0,34.129
Lao People's Democratic Republic,LAO,Asia,AS,WPRO,REPORTING,21-05-2023,13879410.0,6324678,190.768,86.93,5691962,78.234,25-11-2020,8.0,2451034.0,33.689
Micronesia (Federated States of),FSM,Oceania,OC,WPRO,REPORTING,28-03-2023,198749.0,83871,172.791,72.917,80910,70.342,13-01-2021,4.0,30537.0,26.549
Rwanda,RWA,Africa,AF,AFRO,REPORTING,04-06-2023,27322059.0,10884714,210.945,84.037,10399665,80.293,05-03-2021,7.0,4225194.0,32.621
"Saint Helena, Ascension and Tristan da Cunha",SHN,Africa,AF,AFRO,OWID,05-05-2021,7892.0,4361,129.995,71.833,3531,58.162,0,1.0,0.0,0.0
Saint Lucia,LCA,North America,NA,AMRO,REPORTING,02-06-2023,122977.0,60140,66.971,32.751,54971,29.936,17-02-2021,5.0,7866.0,4.284
Serbia,SRB,Europe,EU,EURO,REPORTING,05-03-2023,6722671.0,3398116,97.1,49.058,3324555,47.996,23-12-2020,5.0,0.0,0.0
Sweden,SWE,Europe,EU,EURO,REPORTING,11-06-2023,23226250.0,7470582,224.9,72.336,7332983,71.004,23-12-2020,5.0,5541390.0,53.656
Tuvalu,TUV,Oceania,OC,WPRO,REPORTING,01-02-2023,26783.0,9763,227.129,82.793,9505,80.605,13-04-2021,1.0,5745.0,48.719
Thailand,THA,Asia,AS,SEARO,REPORTING,23-06-2023,139279946.0,57652499,199.542,82.597,54181443,77.624,28-02-2021,8.0,27446004.0,39.321
The United Kingdom,GBR,Europe,EU,EURO,REPORTING,11-09-2022,151248820.0,53813491,222.8,79.068,50762968,74.586,21-12-2020,3.0,0.0,0.0
Turkey,TUR,Asia,AS,EURO,REPORTING,29-01-2023,139694693.0,50974980,0.0,61.919,50670345,60.935,0,3.0,27896331.0,33.547
Afghanistan,AFG,Asia,AS,EMRO,REPORTING,20-06-2023,20324305.0,17231834,52.21,44.266,16505676,42.4,22-02-2021,11.0,2046951.0,5.258
Burundi,BDI,Africa,AF,AFRO,REPORTING,11-06-2023,40041.0,36909,0.337,0.31,36321,0.305,18-10-2021,1.0,314.0,0.003
Cabo Verde,CPV,Africa,AF,AFRO,REPORTING,25-09-2022,859940.0,356734,154.669,64.162,308720,55.526,18-03-2021,4.0,749.0,0.135
Cayman Islands,CYM,North America,NA,AMRO,REPORTING,02-06-2023,151822.0,62085,231.013,94.469,60664,92.307,15-01-2021,1.0,24064.0,36.616
Falkland Islands (Malvinas),FLK,South America,SA,AMRO,REPORTING,21-06-2022,9390.0,3220,269.595,92.449,2976,85.444,0,1.0,2543.0,73.012
Faroe Islands,FRO,Europe,EU,EURO,OWID,18-02-2022,103894.0,41715,212.614,85.368,40895,83.69,0,2.0,21284.0,43.557
France,FRA,Europe,EU,EURO,REPORTING,11-06-2023,158038124.0,54676037,234.8,81.218,53187210,79.006,23-12-2020,9.0,41038200.0,60.96
Italy,ITA,Europe,EU,EURO,REPORTING,11-06-2023,150317622.0,50581051,252.0,84.813,49484229,82.969,23-12-2020,9.0,44916242.0,75.31
Kiribati,KIR,Oceania,OC,WPRO,REPORTING,06-02-2023,219980.0,100900,184.162,84.471,81474,68.208,26-05-2021,2.0,37606.0,31.483
Nauru,NRU,Oceania,OC,WPRO,REPORTING,20-02-2023,32157.0,13106,296.816,120.971,11346,104.726,09-04-2021,2.0,7705.0,71.119
New Zealand,NZL,Oceania,OC,WPRO,REPORTING,21-04-2023,12252378.0,4241210,254.081,87.951,4084115,84.693,19-02-2021,4.0,2719283.0,56.391
Nicaragua,NIC,North America,NA,AMRO,REPORTING,02-06-2023,15498213.0,6404524,233.951,96.679,6117158,92.341,03-03-2021,11.0,2892531.0,43.664
Palau,PLW,Oceania,OC,WPRO,REPORTING,10-03-2023,51032.0,18573,282.069,102.659,18278,101.028,03-01-2021,3.0,12885.0,71.219
Paraguay,PRY,South America,SA,AMRO,REPORTING,02-06-2023,9784169.0,3995915,137.177,56.024,3547736,49.74,22-02-2021,8.0,1660692.0,23.283
Philippines,PHL,Asia,AS,WPRO,REPORTING,19-03-2023,189317158.0,82684774,172.764,75.455,78443972,71.585,01-03-2021,11.0,23811248.0,21.729
Pitcairn Islands,PCN,Sin Determinar,Z9,WPRO,REPORTING,29-08-2022,117.0,47,234.0,94.0,47,94.0,17-05-2021,1.0,23.0,46.0
Republic of Korea,KOR,Asia,AS,WPRO,REPORTING,25-05-2023,135852851.0,44894318,264.98,87.566,42969958,83.812,26-02-2021,5.0,33643904.0,65.622
Russian Federation,RUS,Europe,EU,EURO,OWID,26-05-2023,186692479.0,88811982,127.9,60.857,79702396,54.615,0,2.0,0.0,0.0
Samoa,WSM,Oceania,OC,WPRO,REPORTING,24-02-2023,453130.0,191403,228.376,96.466,177954,89.688,18-04-2021,2.0,82268.0,41.463
Sierra Leone,SLE,Africa,AF,AFRO,REPORTING,04-06-2023,8475172.0,5399967,106.245,67.694,4638619,58.15,15-03-2021,2.0,977762.0,12.257
Singapore,SGP,Asia,AS,WPRO,REPORTING,30-05-2023,15289876.0,5285826,261.35,90.351,5247569,89.697,30-12-2020,4.0,4756481.0,81.303
Sint Eustatius,XBA,Sin Determinar,Z9,AMRO,REPORTING,02-06-2023,4319.0,1791,137.592,57.056,1686,53.711,0,0.0,767.0,24.435
Spain,ESP,Europe,EU,EURO,REPORTING,11-06-2023,112837406.0,41328627,238.4,87.315,37483217,79.191,30-12-2020,4.0,26563654.0,56.121
Switzerland,CHE,Europe,EU,EURO,REPORTING,11-06-2023,16755470.0,6096586,193.6,70.841,5723015,66.5,23-12-2020,6.0,4996200.0,58.055
Syrian Arab Republic,SYR,Asia,AS,EMRO,REPORTING,18-04-2023,5090630.0,3295630,29.088,18.831,2358365,13.476,01-04-2021,11.0,75881.0,0.434
Timor-Leste,TLS,Sin Determinar,Z9,SEARO,REPORTING,26-06-2023,2019384.0,884194,153.164,67.063,799627,60.649,07-04-2021,4.0,335563.0,25.451
Viet Nam,VNM,Asia,AS,WPRO,REPORTING,08-06-2023,266448231.0,90270583,273.733,92.739,85958364,88.309,08-03-2021,6.0,57958886.0,59.544
