PAIS_ISO2,MES,AverageTemperature
AD,1,4.4290714285714285
AD,2,5.1316428571428565
AD,3,8.307857142857143
AD,4,10.652714285714286
AD,5,14.433571428571428
AD,6,18.82064285714286
AD,7,21.034428571428574
AD,8,20.943071428571425
AD,9,17.203692307692307
AD,10,13.173384615384615
AD,11,8.173538461538461
AD,12,4.783
AE,1,19.265214285714286
AE,2,21.38964285714286
AE,3,24.859214285714284
AE,4,29.29457142857143
AE,5,33.89935714285714
AE,6,35.913500000000006
AE,7,37.05985714285715
AE,8,36.672285714285714
AE,9,34.206384615384614
AE,10,30.252769230769232
AE,11,25.40276923076923
AE,12,20.932384615384613
AF,1,1.4289285714285715
AF,2,4.074714285714285
AF,3,10.42
AF,4,16.223642857142856
AF,5,22.182285714285715
AF,6,26.132785714285717
AF,7,27.84042857142857
AF,8,26.40707142857143
AF,9,21.54976923076923
AF,10,15.50023076923077
AF,11,8.965153846153846
AF,12,3.227
AI,1,25.716785714285717
AI,2,25.69464285714286
AI,3,26.14171428571429
AI,4,26.680357142857144
AI,5,27.705714285714286
AI,6,28.638571428571428
AI,7,28.89907142857143
AI,8,29.17164285714286
AI,9,29.103153846153848
AI,10,28.446538461538463
AI,11,27.617615384615384
AI,12,26.385846153846156
AL,1,3.6710000000000003
AL,2,4.831714285714286
AL,3,8.582285714285714
AL,4,12.278214285714286
AL,5,17.183357142857144
AL,6,21.25014285714286
AL,7,23.848857142857145
AL,8,23.769571428571428
AL,9,18.930846153846154
AL,10,14.119692307692308
AL,11,9.536692307692308
AL,12,5.068846153846154
AM,1,-3.6184285714285713
AM,2,-1.2927142857142857
AM,3,3.975071428571429
AM,4,9.324071428571429
AM,5,14.233642857142858
AM,6,19.15107142857143
AM,7,22.516142857142857
AM,8,22.636785714285715
AM,9,18.010923076923078
AM,10,11.553230769230769
AM,11,4.295
AM,12,-1.433
AO,1,22.71614285714286
AO,2,23.379357142857145
AO,3,23.656785714285714
AO,4,22.945285714285717
AO,5,21.742428571428572
AO,6,19.720785714285714
AO,7,19.478857142857144
AO,8,21.509785714285716
AO,9,23.810384615384617
AO,10,24.260538461538463
AO,11,23.908692307692306
AO,12,22.978538461538463
AQ,1,
AQ,2,
AQ,3,
AQ,4,
AQ,5,
AQ,6,
AQ,7,
AQ,8,
AQ,9,
AQ,10,
AQ,11,
AQ,12,
AR,1,22.190714285714286
AR,2,21.128785714285716
AR,3,18.951642857142854
AR,4,15.014928571428571
AR,5,11.063428571428572
AR,6,8.668571428571429
AR,7,7.914928571428573
AR,8,9.921000000000001
AR,9,12.779923076923078
AR,10,16.120461538461537
AR,11,18.855153846153847
AR,12,20.853846153846156
AS,1,27.41614285714286
AS,2,27.536357142857145
AS,3,27.71257142857143
AS,4,27.683357142857144
AS,5,27.586714285714287
AS,6,27.16857142857143
AS,7,26.758000000000003
AS,8,26.752714285714287
AS,9,26.960076923076922
AS,10,26.871538461538464
AS,11,27.267153846153846
AS,12,27.29523076923077
AT,1,-3.0661428571428573
AT,2,-1.5514285714285714
AT,3,2.6829285714285716
AT,4,7.747428571428571
AT,5,12.568071428571429
AT,6,15.847357142857145
AT,7,17.312285714285714
AT,8,16.99235714285714
AT,9,12.344153846153846
AT,10,7.619307692307692
AT,11,2.8153076923076927
AT,12,-2.086076923076923
AU,1,28.56507142857143
AU,2,27.83157142857143
AU,3,25.80657142857143
AU,4,22.71192857142857
AU,5,18.41235714285714
AU,6,15.327142857142857
AU,7,14.9795
AU,8,16.63642857142857
AU,9,20.272230769230767
AU,10,23.270307692307693
AU,11,26.131153846153843
AU,12,27.468692307692308
AW,1,27.13842857142857
AW,2,27.025214285714288
AW,3,27.272214285714284
AW,4,27.856428571428573
AW,5,29.094357142857145
AW,6,29.781214285714288
AW,7,30.00385714285714
AW,8,30.301214285714284
AW,9,30.067307692307693
AW,10,29.239769230769234
AW,11,28.586384615384613
AW,12,27.727076923076922
AZ,1,0.7807857142857143
AZ,2,2.3105714285714285
AZ,3,6.505
AZ,4,11.228214285714285
AZ,5,16.733642857142858
AZ,6,21.772142857142857
AZ,7,24.718214285714286
AZ,8,24.495
AZ,9,19.903923076923075
AZ,10,13.948846153846155
AZ,11,7.384
AZ,12,2.4528461538461537
BB,1,26.07821428571429
BB,2,25.964214285714288
BB,3,26.388714285714286
BB,4,26.955285714285715
BB,5,27.93757142857143
BB,6,28.14342857142857
BB,7,28.194857142857142
BB,8,28.377285714285716
BB,9,28.34869230769231
BB,10,27.795923076923074
BB,11,27.37153846153846
BB,12,26.60692307692308
BD,1,18.081214285714285
BD,2,21.479285714285712
BD,3,25.74178571428572
BD,4,27.923000000000002
BD,5,28.479142857142858
BD,6,28.551785714285717
BD,7,28.418785714285715
BD,8,28.617357142857145
BD,9,28.315076923076926
BD,10,26.835153846153844
BD,11,23.616307692307693
BD,12,19.652
BE,1,2.833642857142857
BE,2,3.5602857142857145
BE,3,6.507
BE,4,10.226571428571429
BE,5,14.013071428571427
BE,6,16.919142857142855
BE,7,18.560142857142857
BE,8,18.3585
BE,9,15.266307692307691
BE,10,11.153076923076924
BE,11,7.037
BE,12,3.118153846153846
BF,1,25.403428571428574
BF,2,28.4905
BF,3,31.73914285714286
BF,4,32.82407142857143
BF,5,32.25907142857143
BF,6,29.99985714285714
BF,7,27.894857142857145
BF,8,26.933857142857143
BF,9,27.639538461538464
BF,10,29.038615384615387
BF,11,28.51492307692308
BF,12,26.182000000000002
BG,1,0.19728571428571431
BG,2,1.708071428571429
BG,3,6.207428571428571
BG,4,10.823714285714285
BG,5,16.252285714285716
BG,6,20.14192857142857
BG,7,22.688142857142857
BG,8,22.64692857142857
BG,9,17.538076923076922
BG,10,12.084538461538461
BG,11,7.233846153846153
BG,12,1.7652307692307692
BH,1,16.326714285714285
BH,2,18.059785714285713
BH,3,21.803
BH,4,26.60721428571429
BH,5,32.18807142857143
BH,6,35.175000000000004
BH,7,36.63664285714286
BH,8,36.12114285714286
BH,9,33.391000000000005
BH,10,29.465692307692304
BH,11,23.47230769230769
BH,12,18.257692307692306
BI,1,20.626214285714287
BI,2,20.930285714285713
BI,3,20.543
BI,4,20.46507142857143
BI,5,20.833214285714288
BI,6,20.656785714285714
BI,7,20.53592857142857
BI,8,21.379428571428573
BI,9,21.848
BI,10,21.384
BI,11,20.456153846153846
BI,12,20.14123076923077
BJ,1,26.988857142857142
BJ,2,29.476285714285716
BJ,3,31.0995
BJ,4,30.673928571428572
BJ,5,29.341214285714283
BJ,6,27.498857142857144
BJ,7,26.22807142857143
BJ,8,25.563785714285718
BJ,9,26.21530769230769
BJ,10,27.157615384615383
BJ,11,27.857307692307693
BJ,12,27.15269230769231
BO,1,22.893857142857144
BO,2,22.697785714285715
BO,3,22.6245
BO,4,21.495214285714287
BO,5,19.427214285714285
BO,6,18.347785714285717
BO,7,18.135
BO,8,19.929642857142856
BO,9,21.69130769230769
BO,10,22.83753846153846
BO,11,23.434
BO,12,22.97492307692308
BR,1,25.954928571428574
BR,2,25.927428571428575
BR,3,25.96392857142857
BR,4,25.536571428571428
BR,5,24.70935714285714
BR,6,24.259142857142855
BR,7,24.2165
BR,8,25.3015
BR,9,26.156846153846153
BR,10,26.505153846153846
BR,11,26.41392307692308
BR,12,26.12123076923077
BS,1,22.102714285714285
BS,2,22.817928571428574
BS,3,23.621857142857145
BS,4,24.7465
BS,5,26.476499999999998
BS,6,28.146714285714285
BS,7,28.974
BS,8,29.148428571428575
BS,9,28.468714285714288
BS,10,26.990461538461542
BS,11,24.821307692307695
BS,12,23.296769230769232
BT,1,4.226428571428571
BT,2,6.809571428571429
BT,3,10.593357142857142
BT,4,13.009714285714285
BT,5,15.576571428571429
BT,6,17.81807142857143
BT,7,18.335428571428572
BT,8,18.130357142857143
BT,9,16.918692307692307
BT,10,13.526
BT,11,9.271615384615385
BT,12,5.712384615384616
BW,1,26.27442857142857
BW,2,25.955857142857145
BW,3,24.927857142857142
BW,4,22.12364285714286
BW,5,18.976642857142856
BW,6,15.95857142857143
BW,7,15.523142857142858
BW,8,18.72242857142857
BW,9,22.89123076923077
BW,10,25.83238461538462
BW,11,26.484
BW,12,26.395615384615386
BY,1,-4.642357142857143
BY,2,-4.612071428571428
BY,3,0.35828571428571415
BY,4,8.067142857142857
BY,5,13.99157142857143
BY,6,16.911
BY,7,19.8195
BY,8,18.2635
BY,9,12.827307692307691
BY,10,6.963692307692308
BY,11,2.457692307692308
BY,12,-2.8583846153846153
BZ,1,22.829785714285716
BZ,2,24.140285714285714
BZ,3,25.365000000000002
BZ,4,26.895000000000003
BZ,5,27.754214285714287
BZ,6,27.447928571428573
BZ,7,27.10342857142857
BZ,8,27.071714285714286
BZ,9,27.15007142857143
BZ,10,25.64976923076923
BZ,11,24.06246153846154
BZ,12,23.03869230769231
CA,1,-20.834928571428573
CA,2,-19.27157142857143
CA,3,-14.456642857142857
CA,4,-5.659571428571428
CA,5,2.906714285714286
CA,6,10.070714285714287
CA,7,13.796357142857143
CA,8,12.168142857142856
CA,9,6.780642857142857
CA,10,-1.1676153846153847
CA,11,-10.23546153846154
CA,12,-17.64346153846154
CF,1,25.142357142857147
CF,2,27.676142857142857
CF,3,28.44242857142857
CF,4,27.96
CF,5,27.044285714285714
CF,6,25.68585714285714
CF,7,24.759642857142858
CF,8,24.76014285714286
CF,9,25.032846153846155
CF,10,25.179230769230767
CF,11,25.46376923076923
CF,12,24.70730769230769
CH,1,-1.2069285714285714
CH,2,-0.2961428571428572
CH,3,3.7719285714285715
CH,4,7.822928571428571
CH,5,12.310142857142859
CH,6,16.037142857142857
CH,7,17.418142857142858
CH,8,17.142142857142858
CH,9,13.083153846153845
CH,10,8.657538461538461
CH,11,3.565461538461539
CH,12,-0.44153846153846155
CL,1,14.501714285714286
CL,2,14.213785714285715
CL,3,12.731
CL,4,10.027428571428572
CL,5,7.477571428571428
CL,6,5.705214285714286
CL,7,5.190714285714286
CL,8,6.346571428571429
CL,9,8.103307692307693
CL,10,9.933615384615385
CL,11,11.826923076923077
CL,12,13.366307692307693
CM,1,24.56357142857143
CM,2,26.250214285714286
CM,3,26.98785714285714
CM,4,26.709785714285715
CM,5,25.966785714285717
CM,6,24.684571428571427
CM,7,23.95357142857143
CM,8,23.853928571428572
CM,9,24.135923076923078
CM,10,24.463076923076922
CM,11,24.893769230769234
CM,12,24.34346153846154
CN,1,-7.744428571428571
CN,2,-3.6301428571428573
CN,3,2.599214285714286
CN,4,9.190785714285713
CN,5,14.581071428571429
CN,6,18.532
CN,7,20.421
CN,8,19.328142857142858
CN,9,14.907153846153847
CN,10,8.230615384615383
CN,11,0.7262307692307691
CN,12,-5.940230769230769
CO,1,25.58442857142857
CO,2,25.947142857142858
CO,3,25.893571428571427
CO,4,25.45414285714286
CO,5,25.32728571428572
CO,6,25.11257142857143
CO,7,25.143285714285717
CO,8,25.535714285714285
CO,9,25.611692307692312
CO,10,25.31323076923077
CO,11,25.327076923076923
CO,12,25.29276923076923
CR,1,25.840785714285715
CR,2,26.52642857142857
CR,3,27.153142857142857
CR,4,27.374142857142857
CR,5,26.957
CR,6,26.485999999999997
CR,7,26.341857142857144
CR,8,26.375285714285717
CR,9,26.134785714285716
CR,10,25.550230769230772
CR,11,25.461769230769228
CR,12,25.503076923076925
CU,1,23.118357142857146
CU,2,23.808071428571427
CU,3,24.511285714285716
CU,4,25.47957142857143
CU,5,26.743642857142856
CU,6,27.80557142857143
CU,7,28.313285714285715
CU,8,28.469357142857145
CU,9,28.09
CU,10,27.093615384615383
CU,11,25.371846153846153
CU,12,24.18546153846154
CV,1,22.905571428571427
CV,2,22.563
CV,3,23.245785714285716
CV,4,23.35464285714286
CV,5,24.21
CV,6,25.169785714285716
CV,7,26.267571428571433
CV,8,27.39557142857143
CV,9,27.911384615384616
CV,10,27.293615384615386
CV,11,26.076153846153847
CV,12,24.278692307692307
CW,1,26.65142857142857
CW,2,26.642214285714285
CW,3,27.014357142857143
CW,4,27.54242857142857
CW,5,28.616857142857146
CW,6,28.99192857142857
CW,7,29.031428571428574
CW,8,29.418000000000003
CW,9,29.41315384615385
CW,10,28.74969230769231
CW,11,28.101307692307692
CW,12,27.210846153846155
CX,1,26.696214285714287
CX,2,26.709857142857143
CX,3,27.03207142857143
CX,4,27.24192857142857
CX,5,27.257714285714286
CX,6,26.629285714285714
CX,7,25.948928571428574
CX,8,25.775357142857143
CX,9,25.983307692307694
CX,10,26.335230769230773
CX,11,26.67630769230769
CX,12,26.57669230769231
CY,1,11.941357142857143
CY,2,12.314357142857144
CY,3,14.552071428571429
CY,4,17.480642857142858
CY,5,21.4905
CY,6,25.391714285714283
CY,7,28.002785714285714
CY,8,28.30907142857143
CY,9,25.893076923076926
CY,10,22.182846153846153
CY,11,17.614615384615384
CY,12,13.729153846153848
CZ,1,-1.4873571428571428
CZ,2,-0.2557857142857142
CZ,3,3.6102142857142856
CZ,4,9.280928571428571
CZ,5,14.065142857142858
CZ,6,17.16578571428571
CZ,7,18.919214285714286
CZ,8,18.588142857142856
CZ,9,13.818692307692308
CZ,10,8.743461538461538
CZ,11,4.3660000000000005
CZ,12,-0.5536153846153846
DE,1,0.3427142857142857
DE,2,1.1549285714285715
DE,3,4.488142857142857
DE,4,9.234857142857143
DE,5,13.643357142857143
DE,6,16.686285714285713
DE,7,18.510714285714283
DE,8,18.20942857142857
DE,9,14.217692307692309
DE,10,9.480076923076924
DE,11,5.1548461538461545
DE,12,1.0176923076923077
DJ,1,25.186142857142862
DJ,2,26.499142857142857
DJ,3,28.19821428571429
DJ,4,29.56771428571429
DJ,5,31.58657142857143
DJ,6,33.23014285714286
DJ,7,34.295785714285714
DJ,8,33.873642857142855
DJ,9,32.17392307692308
DJ,10,29.222615384615384
DJ,11,27.378692307692308
DJ,12,25.717153846153845
DK,1,-27.802214285714285
DK,2,-27.6755
DK,3,-26.574000000000005
DK,4,-20.34407142857143
DK,5,-10.433071428571427
DK,6,-3.126142857142857
DK,7,-0.29992857142857143
DK,8,-2.464785714285714
DK,9,-9.456076923076923
DK,10,-18.107692307692307
DK,11,-24.076076923076922
DK,12,-26.37046153846154
DM,1,25.48314285714286
DM,2,25.3855
DM,3,25.800214285714283
DM,4,26.470785714285714
DM,5,27.591
DM,6,28.130428571428574
DM,7,28.144785714285714
DM,8,28.289142857142856
DM,9,28.17961538461539
DM,10,27.56453846153846
DM,11,27.005230769230767
DM,12,26.03892307692308
DO,1,24.3635
DO,2,24.694285714285716
DO,3,25.211428571428574
DO,4,25.741999999999997
DO,5,26.670785714285717
DO,6,27.545214285714284
DO,7,27.953714285714288
DO,8,28.14671428571429
DO,9,27.796
DO,10,27.148923076923076
DO,11,26.24015384615385
DO,12,25.160923076923076
DZ,1,12.530642857142857
DZ,2,15.049142857142856
DZ,3,20.128714285714288
DZ,4,24.147428571428573
DZ,5,28.684714285714286
DZ,6,32.76264285714286
DZ,7,35.04507142857143
DZ,8,34.05614285714286
DZ,9,30.698
DZ,10,25.30561538461539
DZ,11,18.56230769230769
DZ,12,13.907692307692308
EC,1,22.755714285714284
EC,2,22.81907142857143
EC,3,22.91464285714286
EC,4,22.824428571428573
EC,5,22.737428571428573
EC,6,22.107142857142858
EC,7,21.818214285714287
EC,8,21.967785714285714
EC,9,22.217538461538464
EC,10,22.282076923076925
EC,11,22.503
EC,12,22.596692307692308
EE,1,-4.662857142857143
EE,2,-5.490428571428572
EE,3,-1.4075714285714285
EE,4,5.380571428571429
EE,5,11.629857142857142
EE,6,15.346214285714284
EE,7,18.946642857142855
EE,8,17.221214285714286
EE,9,12.386923076923077
EE,10,6.329384615384615
EE,11,1.7053076923076924
EE,12,-2.820384615384616
EG,1,13.950071428571428
EG,2,16.013214285714287
EG,3,19.67571428571429
EG,4,23.813
EG,5,27.78371428571429
EG,6,30.373857142857144
EG,7,31.44492857142857
EG,8,31.30278571428571
EG,9,29.19023076923077
EG,10,25.284
EG,11,19.978
EG,12,15.37753846153846
EH,1,17.300857142857144
EH,2,18.983571428571427
EH,3,21.696642857142855
EH,4,22.816285714285716
EH,5,24.566928571428573
EH,6,26.615285714285715
EH,7,28.26607142857143
EH,8,28.77264285714286
EH,9,27.718692307692308
EH,10,24.934307692307694
EH,11,21.303076923076922
EH,12,18.294923076923077
ER,1,23.613285714285716
ER,2,25.3355
ER,3,27.003357142857144
ER,4,28.816499999999998
ER,5,30.245714285714286
ER,6,30.526
ER,7,29.793499999999998
ER,8,29.409785714285714
ER,9,29.005692307692307
ER,10,27.798384615384617
ER,11,26.410769230769233
ER,12,24.37
ES,1,6.550285714285714
ES,2,7.665714285714286
ES,3,10.62392857142857
ES,4,12.62692857142857
ES,5,16.44892857142857
ES,6,21.239642857142858
ES,7,23.586142857142857
ES,8,23.732499999999998
ES,9,20.163615384615387
ES,10,15.48576923076923
ES,11,10.084307692307693
ES,12,7.011923076923077
ET,1,22.665785714285715
ET,2,24.11564285714286
ET,3,25.183071428571427
ET,4,25.202357142857146
ET,5,25.317642857142857
ET,6,24.446285714285718
ET,7,23.566142857142857
ET,8,23.578714285714288
ET,9,23.76707692307692
ET,10,23.267153846153846
ET,11,23.02046153846154
ET,12,22.378153846153847
FI,1,-9.019785714285714
FI,2,-9.835642857142856
FI,3,-5.4205
FI,4,1.433142857142857
FI,5,8.037785714285715
FI,6,13.047571428571429
FI,7,16.563214285714285
FI,8,14.26442857142857
FI,9,9.120538461538462
FI,10,2.9541538461538464
FI,11,-2.2321538461538464
FI,12,-6.822307692307692
FJ,1,27.0695
FJ,2,27.237
FJ,3,27.23257142857143
FJ,4,26.576785714285712
FJ,5,25.65271428571429
FJ,6,24.76342857142857
FJ,7,23.9485
FJ,8,23.971214285714286
FJ,9,24.529461538461536
FJ,10,24.859461538461538
FJ,11,25.744846153846154
FJ,12,26.494846153846158
FO,1,5.069571428571429
FO,2,4.641500000000001
FO,3,4.8865
FO,4,5.992714285714285
FO,5,7.5122857142857145
FO,6,9.170642857142857
FO,7,10.865
FO,8,11.56307142857143
FO,9,10.586076923076924
FO,10,8.210846153846155
FO,11,6.533923076923077
FO,12,5.195461538461538
FR,1,7.4110000000000005
FR,2,7.951785714285714
FR,3,10.627642857142858
FR,4,13.051785714285714
FR,5,16.114642857142858
FR,6,19.06085714285714
FR,7,20.413928571428574
FR,8,20.40207142857143
FR,9,17.68276923076923
FR,10,14.565384615384614
FR,11,10.816692307692307
FR,12,7.81923076923077
GA,1,25.34007142857143
GA,2,25.85214285714286
GA,3,26.134357142857144
GA,4,25.86435714285714
GA,5,25.608428571428572
GA,6,24.031000000000002
GA,7,23.131285714285717
GA,8,23.605857142857143
GA,9,24.534
GA,10,24.83223076923077
GA,11,25.022307692307695
GA,12,24.979153846153846
GB,1,4.896928571428572
GB,2,4.966500000000001
GB,3,6.255214285714286
GB,4,8.196071428571427
GB,5,10.844071428571429
GB,6,13.288428571428572
GB,7,14.839928571428572
GB,8,14.837714285714286
GB,9,13.062615384615384
GB,10,10.057615384615385
GB,11,7.297538461538462
GB,12,4.722769230769232
GD,1,26.56342857142857
GD,2,26.541500000000003
GD,3,26.980214285714286
GD,4,27.476357142857143
GD,5,28.202928571428572
GD,6,28.092214285714284
GD,7,28.084785714285715
GD,8,28.398142857142858
GD,9,28.53776923076923
GD,10,28.033384615384616
GD,11,27.63192307692308
GD,12,26.941615384615382
GE,1,-1.303142857142857
GE,2,0.0028571428571428914
GE,3,3.7025
GE,4,8.281071428571428
GE,5,12.995142857142856
GE,6,17.1215
GE,7,20.025214285714288
GE,8,20.295785714285717
GE,9,16.328615384615382
GE,10,11.002076923076922
GE,11,5.039076923076923
GE,12,0.4020000000000001
GF,1,25.883285714285712
GF,2,25.893071428571428
GF,3,26.24257142857143
GF,4,26.284428571428574
GF,5,26.447499999999998
GF,6,26.3525
GF,7,26.546
GF,8,27.162714285714287
GF,9,27.527384615384616
GF,10,27.54261538461538
GF,11,27.413000000000004
GF,12,26.451076923076926
GG,1,7.491071428571428
GG,2,7.045642857142857
GG,3,8.173785714285714
GG,4,9.789928571428572
GG,5,12.18042857142857
GG,6,14.764642857142858
GG,7,16.689
GG,8,17.403357142857143
GG,9,16.171846153846154
GG,10,13.778076923076924
GG,11,11.091846153846152
GG,12,8.214846153846155
GH,1,27.326999999999998
GH,2,29.212142857142855
GH,3,30.105285714285714
GH,4,29.293785714285715
GH,5,28.35721428571429
GH,6,26.837214285714285
GH,7,25.823857142857143
GH,8,25.346642857142857
GH,9,25.864076923076922
GH,10,26.748307692307694
GH,11,27.653846153846153
GH,12,27.31823076923077
GL,1,-28.400928571428572
GL,2,-28.27792857142857
GL,3,-27.184857142857144
GL,4,-20.92342857142857
GL,5,-10.893214285714285
GL,6,-3.5052142857142856
GL,7,-0.6737142857142856
GL,8,-2.8762857142857143
GL,9,-9.943769230769231
GL,10,-18.680384615384614
GL,11,-24.696153846153848
GL,12,-26.95307692307692
GM,1,25.196571428571428
GM,2,27.14092857142857
GM,3,29.538928571428574
GM,4,30.221571428571426
GM,5,30.82242857142857
GM,6,30.1335
GM,7,28.582142857142856
GM,8,27.78357142857143
GM,9,27.93523076923077
GM,10,28.898384615384614
GM,11,28.03376923076923
GM,12,25.934384615384616
GN,1,24.73671428571429
GN,2,27.050642857142858
GN,3,29.005714285714284
GN,4,29.099285714285717
GN,5,28.403214285714288
GN,6,26.350714285714286
GN,7,25.049642857142857
GN,8,24.76057142857143
GN,9,24.980384615384615
GN,10,25.721076923076925
GN,11,25.809846153846156
GN,12,24.78746153846154
GP,1,25.599857142857143
GP,2,25.523
GP,3,25.9535
GP,4,26.619642857142857
GP,5,27.692571428571426
GP,6,28.410857142857143
GP,7,28.51685714285714
GP,8,28.735071428571427
GP,9,28.56553846153846
GP,10,27.838307692307694
GP,11,27.18684615384615
GP,12,26.164538461538463
GQ,1,26.24757142857143
GQ,2,26.77557142857143
GQ,3,26.854357142857143
GQ,4,26.462071428571427
GQ,5,26.153357142857143
GQ,6,24.793000000000003
GQ,7,23.97557142857143
GQ,8,24.253999999999998
GQ,9,24.97023076923077
GQ,10,25.20146153846154
GQ,11,25.680384615384618
GQ,12,25.905846153846156
GR,1,6.198428571428572
GR,2,7.156285714285715
GR,3,10.411357142857144
GR,4,13.793785714285715
GR,5,18.8505
GR,6,23.278428571428574
GR,7,26.013
GR,8,25.921357142857143
GR,9,21.395538461538465
GR,10,16.47646153846154
GR,11,11.911846153846154
GR,12,7.617923076923077
GT,1,21.29
GT,2,22.478928571428572
GT,3,23.78157142857143
GT,4,25.233214285714286
GT,5,25.689357142857144
GT,6,25.084857142857143
GT,7,24.765142857142855
GT,8,24.782
GT,9,24.709785714285715
GT,10,23.599230769230772
GT,11,22.43569230769231
GT,12,21.435846153846153
GU,1,26.59764285714286
GU,2,26.673000000000002
GU,3,27.132214285714287
GU,4,27.615928571428576
GU,5,28.104714285714287
GU,6,28.219857142857144
GU,7,27.732428571428574
GU,8,27.3865
GU,9,27.38269230769231
GU,10,27.355384615384615
GU,11,27.71669230769231
GU,12,27.162923076923075
GY,1,26.249714285714283
GY,2,26.4445
GY,3,26.943714285714286
GY,4,26.834285714285716
GY,5,26.666857142857143
GY,6,26.246785714285714
GY,7,26.229071428571427
GY,8,26.917571428571428
GY,9,27.555846153846154
GY,10,27.565076923076923
GY,11,27.43823076923077
GY,12,26.557153846153845
HK,1,15.739785714285714
HK,2,17.300428571428572
HK,3,19.382214285714287
HK,4,22.712357142857144
HK,5,26.213142857142856
HK,6,27.860071428571427
HK,7,28.759142857142855
HK,8,28.633214285714285
HK,9,27.803307692307694
HK,10,25.394076923076923
HK,11,21.789
HK,12,17.756923076923076
HN,1,23.25214285714286
HN,2,24.561642857142857
HN,3,25.958428571428573
HN,4,27.210571428571427
HN,5,27.24871428571429
HN,6,26.386428571428574
HN,7,25.912714285714287
HN,8,26.036857142857144
HN,9,26.1165
HN,10,24.854615384615386
HN,11,23.764384615384618
HN,12,23.19169230769231
HR,1,1.8425714285714285
HR,2,3.1364285714285716
HR,3,7.646428571428571
HR,4,12.373999999999999
HR,5,17.368214285714284
HR,6,21.083000000000002
HR,7,23.12992857142857
HR,8,22.738785714285715
HR,9,17.54169230769231
HR,10,12.693846153846154
HR,11,8.105615384615383
HR,12,2.984
HT,1,25.207
HT,2,25.50107142857143
HT,3,25.88242857142857
HT,4,26.224142857142855
HT,5,27.174000000000003
HT,6,28.30392857142857
HT,7,28.8415
HT,8,28.874785714285714
HT,9,28.34042857142857
HT,10,27.695846153846155
HT,11,26.93869230769231
HT,12,25.975846153846156
HU,1,-0.7855714285714284
HU,2,0.7492142857142857
HU,3,5.849428571428571
HU,4,11.820642857142857
HU,5,16.89014285714286
HU,6,20.11771428571429
HU,7,21.982714285714284
HU,8,21.542357142857146
HU,9,16.204538461538462
HU,10,10.794615384615385
HU,11,5.911153846153846
HU,12,0.2728461538461539
ID,1,26.173214285714288
ID,2,26.287357142857143
ID,3,26.48071428571429
ID,4,26.476857142857142
ID,5,26.7805
ID,6,26.357357142857143
ID,7,26.011214285714285
ID,8,26.127928571428573
ID,9,26.382153846153848
ID,10,26.454846153846155
ID,11,26.567076923076925
ID,12,26.263461538461545
IE,1,5.819714285714286
IE,2,6.097428571428572
IE,3,7.221214285714287
IE,4,8.929428571428572
IE,5,11.553571428571429
IE,6,14.020714285714286
IE,7,15.403571428571428
IE,8,15.354785714285713
IE,9,13.845615384615384
IE,10,10.794615384615385
IE,11,8.106153846153846
IE,12,5.789000000000001
IL,1,11.882428571428571
IL,2,13.202214285714286
IL,3,16.176785714285714
IL,4,19.537785714285715
IL,5,23.32314285714286
IL,6,26.55542857142857
IL,7,28.60057142857143
IL,8,28.635214285714287
IL,9,26.649461538461537
IL,10,23.319923076923075
IL,11,17.93246153846154
IL,12,13.514076923076923
IN,1,17.389285714285716
IN,2,20.3475
IN,3,24.699214285714284
IN,4,28.315214285714287
IN,5,30.486214285714286
IN,6,29.291642857142858
IN,7,27.34657142857143
IN,8,26.735285714285713
IN,9,26.55807692307692
IN,10,24.92076923076923
IN,11,21.629384615384616
IN,12,18.317153846153847
IQ,1,9.310714285714285
IQ,2,12.082785714285714
IQ,3,16.907142857142855
IQ,4,22.34857142857143
IQ,5,28.607642857142856
IQ,6,33.517071428571434
IQ,7,35.792571428571435
IQ,8,35.47414285714286
IQ,9,31.31876923076923
IQ,10,25.142769230769236
IQ,11,16.096615384615383
IQ,12,10.81746153846154
IR,1,6.0928571428571425
IR,2,8.86207142857143
IR,3,13.916642857142858
IR,4,19.002357142857143
IR,5,24.752000000000002
IR,6,28.98921428571429
IR,7,30.884357142857144
IR,8,29.757071428571432
IR,9,25.83523076923077
IR,10,20.352692307692305
IR,11,13.095384615384615
IR,12,7.830615384615385
IS,1,-1.8338571428571429
IS,2,-2.0347142857142857
IS,3,-1.4583571428571427
IS,4,0.5908571428571429
IS,5,3.752
IS,6,7.275428571428572
IS,7,9.309714285714284
IS,8,8.912785714285715
IS,9,6.251538461538463
IS,10,1.9838461538461538
IS,11,-0.5082307692307692
IS,12,-1.7760769230769233
IT,1,4.992571428571429
IT,2,5.559642857142856
IT,3,8.940857142857142
IT,4,12.124571428571429
IT,5,16.797928571428574
IT,6,20.936285714285713
IT,7,23.338285714285714
IT,8,23.315428571428573
IT,9,19.04053846153846
IT,10,14.803769230769232
IT,11,10.249076923076924
IT,12,6.098461538461539
JE,1,7.491071428571428
JE,2,7.045642857142857
JE,3,8.173785714285714
JE,4,9.789928571428572
JE,5,12.18042857142857
JE,6,14.764642857142858
JE,7,16.689
JE,8,17.403357142857143
JE,9,16.171846153846154
JE,10,13.778076923076924
JE,11,11.091846153846152
JE,12,8.214846153846155
JM,1,25.057
JM,2,25.320857142857143
JM,3,25.827357142857146
JM,4,26.366142857142854
JM,5,27.294857142857147
JM,6,27.923285714285715
JM,7,28.233785714285716
JM,8,28.280857142857144
JM,9,28.022428571428573
JM,10,27.372230769230768
JM,11,26.52153846153846
JM,12,25.660923076923076
JO,1,9.682428571428572
JO,2,11.7325
JO,3,15.638142857142856
JO,4,19.943
JO,5,24.388071428571433
JO,6,28.008357142857143
JO,7,30.01607142857143
JO,8,29.819357142857143
JO,9,27.13623076923077
JO,10,22.79392307692308
JO,11,15.973384615384616
JO,12,11.127461538461539
JP,1,1.512857142857143
JP,2,2.361785714285714
JP,3,5.548785714285714
JP,4,10.7015
JP,5,15.600785714285715
JP,6,19.62664285714286
JP,7,23.372142857142855
JP,8,24.856785714285714
JP,9,21.463384615384616
JP,10,15.450153846153846
JP,11,9.651384615384615
JP,12,3.922846153846154
KE,1,25.311785714285715
KE,2,26.230285714285714
KE,3,26.590857142857146
KE,4,25.5385
KE,5,24.948214285714283
KE,6,23.910357142857144
KE,7,23.252000000000002
KE,8,23.522214285714288
KE,9,24.39415384615385
KE,10,24.783692307692306
KE,11,24.82623076923077
KE,12,24.891461538461538
KG,1,-11.093428571428573
KG,2,-7.810071428571429
KG,3,0.07149999999999977
KG,4,6.666142857142857
KG,5,11.479
KG,6,15.571785714285713
KG,7,17.1305
KG,8,16.6365
KG,9,11.934923076923077
KG,10,5.123846153846154
KG,11,-1.7755384615384615
KG,12,-9.286153846153848
KH,1,25.45564285714286
KH,2,27.21878571428572
KH,3,28.705571428571428
KH,4,29.389928571428573
KH,5,28.728714285714286
KH,6,28.06507142857143
KH,7,27.51328571428571
KH,8,27.397571428571432
KH,9,27.119153846153843
KH,10,26.76415384615385
KH,11,26.406076923076924
KH,12,25.406538461538464
KI,1,26.71485714285714
KI,2,26.944857142857142
KI,3,27.2815
KI,4,27.48414285714286
KI,5,27.830428571428573
KI,6,27.966857142857144
KI,7,27.91485714285714
KI,8,27.886857142857142
KI,9,27.633076923076924
KI,10,27.616307692307693
KI,11,27.500230769230768
KI,12,26.88992307692308
KM,1,27.695857142857143
KM,2,27.828285714285716
KM,3,27.903357142857143
KM,4,27.479857142857146
KM,5,26.71557142857143
KM,6,25.487714285714286
KM,7,24.61921428571429
KM,8,24.551714285714286
KM,9,24.96723076923077
KM,10,25.776615384615386
KM,11,27.130307692307692
KM,12,27.58876923076923
KP,1,-8.8775
KP,2,-5.085142857142857
KP,3,0.7315714285714285
KP,4,7.764714285714286
KP,5,14.112214285714286
KP,6,18.615714285714287
KP,7,21.604000000000003
KP,8,22.100500000000004
KP,9,17.034384615384617
KP,10,9.993076923076924
KP,11,1.8028461538461538
KP,12,-6.452538461538462
KR,1,-1.039
KR,2,1.5935000000000001
KR,3,6.2486428571428565
KR,4,12.061071428571427
KR,5,17.572714285714287
KR,6,21.794214285714286
KR,7,24.95421428571429
KR,8,25.578642857142857
KR,9,20.867923076923077
KR,10,14.702076923076923
KR,11,7.998923076923077
KR,12,1.158
KW,1,13.166
KW,2,15.894499999999999
KW,3,20.505714285714284
KW,4,25.969214285714287
KW,5,32.380785714285715
KW,6,36.30121428571429
KW,7,37.92664285714286
KW,8,37.49892857142857
KW,9,33.89723076923077
KW,10,28.634615384615383
KW,11,20.253
KW,12,14.836692307692308
KY,1,24.788214285714286
KY,2,25.406285714285712
KY,3,26.0075
KY,4,26.98942857142857
KY,5,28.208499999999997
KY,6,29.03707142857143
KY,7,29.461000000000002
KY,8,29.575214285714285
KY,9,29.183857142857143
KY,10,28.099615384615387
KY,11,26.664153846153848
KY,12,25.615000000000002
KZ,1,-12.303642857142858
KZ,2,-10.328999999999999
KZ,3,-1.1626428571428573
KZ,4,9.147571428571428
KZ,5,16.567857142857143
KZ,6,21.797857142857143
KZ,7,23.480071428571428
KZ,8,22.13314285714286
KZ,9,15.496999999999998
KZ,10,7.012846153846154
KZ,11,-1.2799230769230765
KZ,12,-9.794153846153845
LA,1,19.45407142857143
LA,2,21.585285714285714
LA,3,23.62907142857143
LA,4,26.17307142857143
LA,5,26.858285714285717
LA,6,27.322642857142856
LA,7,26.837642857142857
LA,8,26.436928571428574
LA,9,25.84353846153846
LA,10,24.54323076923077
LA,11,22.24192307692308
LA,12,20.017692307692307
LB,1,9.4915
LB,2,10.679214285714286
LB,3,13.775642857142858
LB,4,17.231214285714287
LB,5,21.225642857142855
LB,6,24.991142857142854
LB,7,27.3015
LB,8,27.38864285714286
LB,9,25.103769230769235
LB,10,21.346307692307693
LB,11,15.576538461538462
LB,12,11.164384615384616
LC,1,26.273142857142858
LC,2,26.159857142857142
LC,3,26.595785714285714
LC,4,27.156000000000002
LC,5,28.080857142857145
LC,6,28.273571428571426
LC,7,28.315642857142855
LC,8,28.571571428571428
LC,9,28.564153846153847
LC,10,28.010076923076927
LC,11,27.58653846153846
LC,12,26.814923076923076
LI,1,-3.9250000000000003
LI,2,-2.9010000000000002
LI,3,1.2910000000000001
LI,4,5.725928571428571
LI,5,10.407928571428572
LI,6,13.878285714285713
LI,7,15.113357142857142
LI,8,14.886285714285716
LI,9,10.650846153846153
LI,10,6.3806153846153855
LI,11,1.2456153846153843
LI,12,-3.0117692307692305
LK,1,26.050142857142855
LK,2,26.9425
LK,3,28.180642857142857
LK,4,28.51557142857143
LK,5,29.09892857142857
LK,6,28.624714285714283
LK,7,28.325285714285712
LK,8,28.215285714285717
LK,9,28.092000000000002
LK,10,27.355076923076922
LK,11,26.836923076923078
LK,12,26.065615384615384
LR,1,25.973071428571426
LR,2,27.122428571428575
LR,3,27.745857142857144
LR,4,27.335642857142858
LR,5,27.062285714285714
LR,6,25.909714285714283
LR,7,25.042357142857146
LR,8,24.86957142857143
LR,9,25.350384615384616
LR,10,25.99869230769231
LR,11,26.445615384615387
LR,12,26.096692307692308
LS,1,19.593785714285712
LS,2,19.58264285714286
LS,3,17.748214285714287
LS,4,13.973571428571429
LS,5,10.674714285714286
LS,6,7.820857142857143
LS,7,7.392785714285714
LS,8,10.2765
LS,9,13.425230769230769
LS,10,15.986461538461539
LS,11,17.521692307692305
LS,12,18.889769230769232
LT,1,-3.781
LT,2,-3.734642857142858
LT,3,0.4320714285714286
LT,4,7.352357142857143
LT,5,13.045357142857142
LT,6,16.025
LT,7,19.075142857142858
LT,8,17.752071428571426
LT,9,12.877307692307692
LT,10,7.118076923076923
LT,11,2.9130769230769236
LT,12,-1.8980769230769228
LU,1,2.022
LU,2,2.795214285714286
LU,3,6.059571428571429
LU,4,9.971642857142855
LU,5,13.97557142857143
LU,6,17.098714285714284
LU,7,18.746214285714284
LU,8,18.428642857142854
LU,9,14.869
LU,10,10.722538461538461
LU,11,6.524692307692309
LU,12,2.5755384615384616
LV,1,-4.412857142857143
LV,2,-4.637928571428572
LV,3,-0.34264285714285697
LV,4,6.519428571428572
LV,5,12.504000000000001
LV,6,15.924285714285714
LV,7,19.1765
LV,8,17.50764285714286
LV,9,12.521461538461539
LV,10,6.46823076923077
LV,11,1.9224615384615384
LV,12,-2.7280769230769235
LY,1,13.138571428571428
LY,2,15.230857142857143
LY,3,19.63564285714286
LY,4,23.974857142857143
LY,5,27.985857142857146
LY,6,30.50135714285714
LY,7,31.3795
LY,8,30.9665
LY,9,29.275923076923075
LY,10,24.899615384615384
LY,11,19.248307692307694
LY,12,14.35376923076923
MA,1,10.160928571428572
MA,2,11.982857142857142
MA,3,15.3535
MA,4,17.295285714285715
MA,5,20.693928571428575
MA,6,24.9115
MA,7,27.717071428571426
MA,8,27.418142857142858
MA,9,24.033846153846152
MA,10,19.822384615384617
MA,11,14.535
MA,12,11.243307692307694
MC,1,0.8483571428571429
MC,2,2.0374285714285714
MC,3,5.880571428571429
MC,4,9.106357142857144
MC,5,13.480142857142857
MC,6,17.749285714285712
MC,7,20.00764285714286
MC,8,19.646714285714285
MC,9,15.306230769230769
MC,10,10.668307692307694
MC,11,5.5211538461538465
MC,12,1.4997692307692307
MD,1,-2.5929285714285717
MD,2,-1.3034999999999999
MD,3,3.9492857142857143
MD,4,10.535214285714286
MD,5,16.86157142857143
MD,6,20.214642857142856
MD,7,22.733857142857143
MD,8,22.0395
MD,9,16.457846153846155
MD,10,10.273384615384616
MD,11,5.237538461538462
MD,12,-0.9114615384615384
ME,1,0.3256428571428572
ME,2,1.761
ME,3,6.255571428571429
ME,4,10.713285714285714
ME,5,15.742928571428573
ME,6,19.694142857142857
ME,7,22.127357142857143
ME,8,21.963642857142855
ME,9,16.660923076923076
ME,10,11.46953846153846
ME,11,6.434615384615385
ME,12,1.677
MG,1,25.581142857142858
MG,2,25.724214285714286
MG,3,25.53064285714286
MG,4,24.295428571428573
MG,5,22.61514285714286
MG,6,20.590285714285717
MG,7,19.84492857142857
MG,8,20.77414285714286
MG,9,22.476
MG,10,23.991692307692308
MG,11,25.436692307692308
MG,12,25.784307692307696
MK,1,-0.1855714285714287
MK,2,1.6623571428571429
MK,3,6.523571428571429
MK,4,10.907357142857142
MK,5,16.010285714285715
MK,6,20.00742857142857
MK,7,22.634214285714286
MK,8,22.5205
MK,9,17.228076923076923
MK,10,11.766153846153847
MK,11,6.45723076923077
MK,12,1.248923076923077
ML,1,21.764214285714285
ML,2,24.86514285714286
ML,3,29.0975
ML,4,32.26257142857143
ML,5,34.54464285714286
ML,6,34.113285714285716
ML,7,32.328857142857146
ML,8,30.955142857142857
ML,9,31.134153846153847
ML,10,30.56823076923077
ML,11,27.05030769230769
ML,12,23.038230769230772
MN,1,-21.644357142857142
MN,2,-16.6175
MN,3,-6.827285714285715
MN,4,3.377785714285714
MN,5,11.069857142857144
MN,6,17.311642857142857
MN,7,19.400357142857143
MN,8,17.0775
MN,9,10.540461538461539
MN,10,1.1556153846153845
MN,11,-9.698461538461538
MN,12,-18.996076923076924
MP,1,26.59764285714286
MP,2,26.673000000000002
MP,3,27.132214285714287
MP,4,27.615928571428576
MP,5,28.104714285714287
MP,6,28.219857142857144
MP,7,27.732428571428574
MP,8,27.3865
MP,9,27.38269230769231
MP,10,27.355384615384615
MP,11,27.71669230769231
MP,12,27.162923076923075
MQ,1,25.48314285714286
MQ,2,25.3855
MQ,3,25.800214285714283
MQ,4,26.470785714285714
MQ,5,27.591
MQ,6,28.130428571428574
MQ,7,28.144785714285714
MQ,8,28.289142857142856
MQ,9,28.17961538461539
MQ,10,27.56453846153846
MQ,11,27.005230769230767
MQ,12,26.03892307692308
MR,1,20.337214285714285
MR,2,22.90885714285714
MR,3,26.847785714285713
MR,4,29.580071428571426
MR,5,32.64371428571429
MR,6,33.977357142857144
MR,7,33.56021428571429
MR,8,32.653214285714284
MR,9,32.276384615384615
MR,10,30.455615384615385
MR,11,26.067307692307693
MR,12,21.722384615384616
MS,1,25.621214285714284
MS,2,25.55264285714286
MS,3,25.996642857142856
MS,4,26.659357142857143
MS,5,27.710428571428572
MS,6,28.471
MS,7,28.617285714285714
MS,8,28.84364285714286
MS,9,28.664307692307695
MS,10,27.906769230769232
MS,11,27.239615384615384
MS,12,26.18823076923077
MT,1,13.291571428571428
MT,2,12.691857142857144
MT,3,14.470857142857142
MT,4,16.419714285714285
MT,5,20.006071428571428
MT,6,23.78021428571429
MT,7,26.77007142857143
MT,8,27.379785714285713
MT,9,24.861846153846155
MT,10,21.887615384615383
MT,11,18.463615384615387
MT,12,14.887538461538462
MU,1,26.891357142857142
MU,2,27.05992857142857
MU,3,26.719642857142855
MU,4,25.712500000000002
MU,5,24.21278571428571
MU,6,22.457285714285717
MU,7,21.64114285714286
MU,8,21.6065
MU,9,22.189153846153847
MU,10,22.97692307692308
MU,11,24.680615384615386
MU,12,26.10715384615385
MW,1,23.208785714285714
MW,2,23.338357142857145
MW,3,23.263785714285714
MW,4,22.121642857142856
MW,5,20.696714285714286
MW,6,18.9245
MW,7,18.269571428571428
MW,8,19.92892857142857
MW,9,22.466384615384616
MW,10,24.400846153846153
MW,11,25.082461538461537
MW,12,23.886153846153846
MX,1,15.558142857142856
MX,2,16.985357142857143
MX,3,19.48664285714286
MX,4,22.118285714285715
MX,5,24.505214285714285
MX,6,25.749
MX,7,25.4665
MX,8,25.395714285714288
MX,9,24.224214285714286
MX,10,21.710538461538462
MX,11,18.44030769230769
MX,12,15.620000000000001
MY,1,25.914785714285717
MY,2,26.36442857142857
MY,3,26.779071428571427
MY,4,26.946714285714286
MY,5,27.25971428571429
MY,6,26.94707142857143
MY,7,26.68878571428571
MY,8,26.785071428571428
MY,9,26.59453846153846
MY,10,26.312076923076923
MY,11,26.27553846153846
MY,12,25.99492307692308
MZ,1,26.257642857142855
MZ,2,26.238857142857142
MZ,3,25.865928571428572
MZ,4,24.330071428571426
MZ,5,22.629285714285714
MZ,6,20.886571428571425
MZ,7,20.181142857142856
MZ,8,21.77192857142857
MZ,9,24.05623076923077
MZ,10,25.745769230769234
MZ,11,26.731384615384613
MZ,12,26.503307692307693
NC,1,25.87514285714286
NC,2,26.40492857142857
NC,3,25.907999999999998
NC,4,24.527285714285714
NC,5,22.93057142857143
NC,6,21.950142857142858
NC,7,20.696642857142855
NC,8,20.468357142857144
NC,9,21.42407692307692
NC,10,22.32469230769231
NC,11,23.610230769230768
NC,12,25.036615384615384
NE,1,19.980357142857144
NE,2,23.400928571428572
NE,3,27.562428571428573
NE,4,31.896428571428572
NE,5,33.928
NE,6,33.58485714285714
NE,7,32.07407142857143
NE,8,30.99064285714286
NE,9,31.15453846153846
NE,10,29.434615384615388
NE,11,25.36846153846154
NE,12,21.152153846153848
NG,1,25.277285714285714
NG,2,28.05442857142857
NG,3,30.2075
NG,4,30.813571428571432
NG,5,29.720428571428574
NG,6,27.895214285714285
NG,7,26.514357142857143
NG,8,25.860142857142858
NG,9,26.557153846153845
NG,10,27.195461538461537
NG,11,26.960384615384616
NG,12,25.441615384615382
NI,1,25.311928571428574
NI,2,26.137357142857145
NI,3,27.216071428571432
NI,4,28.13814285714286
NI,5,28.0165
NI,6,27.140071428571428
NI,7,26.759785714285716
NI,8,26.97342857142857
NI,9,26.95321428571429
NI,10,26.226846153846154
NI,11,25.728153846153848
NI,12,25.36730769230769
NL,1,3.5852142857142857
NL,2,3.9171428571428573
NL,3,6.226857142857143
NL,4,9.877857142857142
NL,5,13.517214285714285
NL,6,16.242642857142858
NL,7,18.199214285714287
NL,8,18.17457142857143
NL,9,15.422076923076922
NL,10,11.42176923076923
NL,11,7.738846153846153
NL,12,3.893692307692308
NM,1,24.417357142857146
NM,2,24.252357142857143
NM,3,23.68407142857143
NM,4,21.318714285714286
NM,5,18.470214285714285
NM,6,15.7915
NM,7,15.644071428571428
NM,8,17.613785714285715
NM,9,20.874384615384617
NM,10,23.367384615384616
NM,11,24.32030769230769
NM,12,24.83323076923077
NO,1,-6.829000000000001
NO,2,-7.215142857142858
NO,3,-5.074357142857143
NO,4,-0.2890000000000001
NO,5,4.885357142857144
NO,6,8.915000000000001
NO,7,11.857
NO,8,10.903428571428572
NO,9,6.857615384615385
NO,10,1.5187692307692306
NO,11,-2.571153846153846
NO,12,-6.07123076923077
NP,1,6.179785714285715
NP,2,9.052214285714285
NP,3,13.546714285714286
NP,4,17.762714285714285
NP,5,20.300928571428575
NP,6,21.6705
NP,7,21.226642857142856
NP,8,21.096928571428574
NP,9,19.915692307692307
NP,10,16.469461538461537
NP,11,12.101461538461537
NP,12,7.970461538461539
NU,1,26.9925
NU,2,27.436642857142857
NU,3,27.383285714285712
NU,4,26.599
NU,5,25.924785714285715
NU,6,24.643642857142858
NU,7,24.141214285714284
NU,8,24.049785714285715
NU,9,24.722076923076923
NU,10,24.941846153846157
NU,11,25.89576923076923
NU,12,26.415692307692307
NZ,1,15.524857142857144
NZ,2,15.647857142857143
NZ,3,14.150285714285715
NZ,4,11.509642857142856
NZ,5,9.208428571428572
NZ,6,6.805142857142856
NZ,7,6.118857142857143
NZ,8,7.269428571428571
NZ,9,9.107846153846154
NZ,10,10.257000000000001
NZ,11,12.104692307692307
NZ,12,14.352846153846153
OM,1,20.190214285714287
OM,2,22.157214285714286
OM,3,25.42478571428572
OM,4,29.398285714285716
OM,5,33.07835714285714
OM,6,34.38628571428571
OM,7,33.665000000000006
OM,8,32.484785714285714
OM,9,31.037076923076924
OM,10,28.495384615384616
OM,11,25.235461538461543
OM,12,21.698076923076922
PA,1,26.886571428571425
PA,2,27.3365
PA,3,27.774642857142858
PA,4,27.8005
PA,5,27.4865
PA,6,27.177214285714285
PA,7,26.99871428571429
PA,8,27.080000000000002
PA,9,26.798846153846153
PA,10,26.202461538461538
PA,11,26.125999999999998
PA,12,26.368769230769235
PE,1,20.93957142857143
PE,2,20.93242857142857
PE,3,20.98107142857143
PE,4,20.612428571428573
PE,5,20.013857142857145
PE,6,19.345142857142857
PE,7,19.126071428571432
PE,8,19.875642857142857
PE,9,20.368
PE,10,20.613076923076925
PE,11,21.002307692307696
PE,12,20.82023076923077
PF,1,27.36307142857143
PF,2,27.6655
PF,3,27.972428571428573
PF,4,27.56857142857143
PF,5,26.905571428571427
PF,6,26.23321428571429
PF,7,25.7625
PF,8,25.60835714285714
PF,9,25.917538461538463
PF,10,26.118307692307692
PF,11,27.03415384615385
PF,12,27.240538461538463
PG,1,25.262642857142858
PG,2,25.370428571428572
PG,3,25.186285714285713
PG,4,25.050285714285714
PG,5,24.9795
PG,6,24.60457142857143
PG,7,24.118214285714288
PG,8,24.21457142857143
PG,9,24.689076923076925
PG,10,25.074384615384613
PG,11,25.478615384615384
PG,12,25.459923076923076
PH,1,25.699071428571433
PH,2,26.17007142857143
PH,3,27.042857142857144
PH,4,27.932357142857146
PH,5,28.196357142857146
PH,6,27.82614285714286
PH,7,27.431285714285714
PH,8,27.410714285714285
PH,9,27.32676923076923
PH,10,26.987538461538463
PH,11,26.89923076923077
PH,12,26.090692307692304
PK,1,9.617642857142856
PK,2,12.486500000000001
PK,3,18.419642857142858
PK,4,23.66492857142857
PK,5,28.783785714285717
PK,6,30.459785714285715
PK,7,30.186785714285715
PK,8,28.928500000000003
PK,9,26.672076923076926
PK,10,22.59653846153846
PK,11,16.979153846153846
PK,12,11.62576923076923
PL,1,-2.3899999999999997
PL,2,-1.3030714285714287
PL,3,2.8592857142857144
PL,4,9.21942857142857
PL,5,14.322857142857142
PL,6,17.157999999999998
PL,7,19.607142857142858
PL,8,18.922642857142858
PL,9,14.066384615384615
PL,10,8.728153846153846
PL,11,4.393538461538461
PL,12,-0.8972307692307692
PR,1,24.499785714285714
PR,2,24.393714285714285
PR,3,24.672571428571427
PR,4,25.33778571428571
PR,5,26.545714285714286
PR,6,27.572928571428573
PR,7,27.854285714285712
PR,8,28.0685
PR,9,27.90042857142857
PR,10,27.346923076923076
PR,11,26.520076923076925
PR,12,25.338615384615384
PT,1,8.874857142857143
PT,2,9.914071428571429
PT,3,12.407714285714286
PT,4,13.901499999999999
PT,5,17.107142857142858
PT,6,20.93614285714286
PT,7,22.51892857142857
PT,8,22.90257142857143
PT,9,20.53676923076923
PT,10,16.62623076923077
PT,11,11.922076923076922
PT,12,9.367153846153846
PW,1,27.497500000000002
PW,2,27.442285714285713
PW,3,27.72057142857143
PW,4,27.928857142857144
PW,5,28.07457142857143
PW,6,27.778285714285715
PW,7,27.593357142857144
PW,8,27.662714285714287
PW,9,27.779923076923076
PW,10,27.803923076923077
PW,11,27.96876923076923
PW,12,27.613307692307693
PY,1,28.04321428571429
PY,2,27.4805
PY,3,26.739642857142858
PY,4,24.117785714285713
PY,5,20.200285714285716
PY,6,19.377142857142854
PY,7,18.690214285714287
PY,8,21.004785714285713
PY,9,22.95307692307692
PY,10,25.69253846153846
PY,11,26.60230769230769
PY,12,27.546461538461536
QA,1,17.856785714285714
QA,2,19.377285714285712
QA,3,22.773928571428574
QA,4,27.548785714285714
QA,5,33.056785714285716
QA,6,35.677571428571426
QA,7,36.85028571428571
QA,8,36.26635714285714
QA,9,33.89023076923077
QA,10,30.306538461538462
QA,11,24.96069230769231
QA,12,19.89
RE,1,26.261214285714285
RE,2,26.765785714285716
RE,3,26.472285714285714
RE,4,25.589928571428572
RE,5,24.378999999999998
RE,6,22.93507142857143
RE,7,22.002785714285714
RE,8,21.70407142857143
RE,9,21.913615384615387
RE,10,22.32776923076923
RE,11,23.818307692307695
RE,12,25.24915384615385
RO,1,-2.269
RO,2,-0.6735714285714286
RO,3,4.551142857142858
RO,4,10.308714285714286
RO,5,15.870214285714285
RO,6,19.177
RO,7,21.42892857142857
RO,8,21.042357142857146
RO,9,15.775076923076922
RO,10,10.11476923076923
RO,11,5.203307692307693
RO,12,-0.6891538461538461
RS,1,-0.533857142857143
RS,2,0.9987142857142856
RS,3,6.228642857142857
RS,4,11.3535
RS,5,16.472428571428573
RS,6,19.95064285714286
RS,7,22.10807142857143
RS,8,21.978571428571428
RS,9,16.63053846153846
RS,10,11.234384615384615
RS,11,6.1708461538461545
RS,12,0.7619999999999999
RU,1,-24.193214285714284
RU,2,-22.386142857142858
RU,3,-13.551857142857143
RU,4,-3.8386428571428577
RU,5,5.617857142857143
RU,6,13.050214285714286
RU,7,16.088285714285714
RU,8,13.388642857142857
RU,9,6.931538461538461
RU,10,-2.959
RU,11,-14.258538461538462
RU,12,-22.488846153846154
RW,1,19.893785714285716
RW,2,20.222857142857144
RW,3,19.80635714285714
RW,4,19.641142857142857
RW,5,19.944785714285718
RW,6,19.971
RW,7,19.98578571428572
RW,8,20.567642857142857
RW,9,20.65123076923077
RW,10,20.13223076923077
RW,11,19.518307692307694
RW,12,19.405846153846156
SA,1,15.8835
SA,2,18.63314285714286
SA,3,22.481357142857142
SA,4,27.013928571428572
SA,5,31.86321428571429
SA,6,34.62678571428572
SA,7,35.65892857142857
SA,8,35.40128571428572
SA,9,32.66907692307692
SA,10,27.81746153846154
SA,11,21.708615384615385
SA,12,17.106384615384616
SB,1,27.710071428571432
SB,2,27.70921428571429
SB,3,27.599285714285713
SB,4,27.466714285714286
SB,5,27.46792857142857
SB,6,27.303214285714287
SB,7,26.906857142857145
SB,8,26.851642857142856
SB,9,26.85523076923077
SB,10,26.86430769230769
SB,11,27.342307692307692
SB,12,27.635538461538463
SC,1,27.109357142857142
SC,2,27.592071428571433
SC,3,28.2035
SC,4,28.597428571428573
SC,5,28.6535
SC,6,27.500785714285715
SC,7,26.718500000000002
SC,8,26.87642857142857
SC,9,27.321461538461538
SC,10,27.318538461538463
SC,11,27.357307692307693
SC,12,27.215538461538465
SD,1,22.809857142857144
SD,2,25.398714285714284
SD,3,27.769785714285714
SD,4,30.050857142857144
SD,5,31.325142857142858
SD,6,30.898071428571427
SD,7,29.587
SD,8,29.16021428571429
SD,9,29.306615384615384
SD,10,28.69992307692308
SD,11,26.399538461538462
SD,12,23.568923076923078
SE,1,-6.537928571428572
SE,2,-6.8114285714285705
SE,3,-3.110928571428571
SE,4,2.715642857142857
SE,5,8.434857142857142
SE,6,12.7815
SE,7,15.678785714285713
SE,8,14.226571428571429
SE,9,9.529615384615385
SE,10,3.6074615384615383
SE,11,-1.035
SE,12,-5.423230769230769
SG,1,26.475857142857144
SG,2,27.039142857142856
SG,3,27.4485
SG,4,27.57314285714286
SG,5,28.214642857142856
SG,6,28.03871428571429
SG,7,27.537857142857145
SG,8,27.46092857142857
SG,9,27.255153846153846
SG,10,27.162923076923082
SG,11,26.986076923076926
SG,12,26.59246153846154
SI,1,0.288
SI,2,1.6712857142857143
SI,3,6.131642857142857
SI,4,10.815000000000001
SI,5,15.78357142857143
SI,6,19.472357142857142
SI,7,21.265214285714286
SI,8,20.890071428571428
SI,9,15.850615384615384
SI,10,11.090384615384616
SI,11,6.503615384615385
SI,12,1.3369230769230769
SK,1,-2.2615000000000003
SK,2,-1.0169285714285716
SK,3,3.267
SK,4,9.251214285714285
SK,5,14.23742857142857
SK,6,17.290642857142853
SK,7,19.207500000000003
SK,8,18.779642857142857
SK,9,13.780076923076923
SK,10,8.844384615384616
SK,11,4.498923076923076
SK,12,-1.0275384615384615
SL,1,26.13828571428571
SL,2,27.76442857142857
SL,3,28.851714285714284
SL,4,28.454642857142858
SL,5,28.04192857142857
SL,6,26.67157142857143
SL,7,25.65707142857143
SL,8,25.478428571428573
SL,9,25.739846153846152
SL,10,26.612615384615385
SL,11,26.99076923076923
SL,12,26.25292307692308
SM,1,6.717
SM,2,6.672928571428572
SM,3,9.82092857142857
SM,4,13.052571428571428
SM,5,17.519785714285714
SM,6,21.353571428571428
SM,7,23.854571428571433
SM,8,24.150571428571432
SM,9,20.012153846153847
SM,10,16.261153846153846
SM,11,12.567153846153847
SM,12,8.375
SN,1,25.058142857142858
SN,2,27.22807142857143
SN,3,30.093714285714288
SN,4,31.25
SN,5,32.102785714285716
SN,6,30.933285714285713
SN,7,29.080285714285715
SN,8,28.15142857142857
SN,9,28.383384615384614
SN,10,29.315538461538463
SN,11,28.17023076923077
SN,12,25.856230769230766
SO,1,25.866999999999997
SO,2,26.86664285714286
SO,3,28.343642857142857
SO,4,28.86707142857143
SO,5,29.366785714285715
SO,6,28.635928571428572
SO,7,27.9675
SO,8,28.170714285714286
SO,9,28.51192307692308
SO,10,27.39623076923077
SO,11,26.844615384615388
SO,12,26.01446153846154
SR,1,26.230214285714286
SR,2,26.297142857142855
SR,3,26.742428571428572
SR,4,26.781214285714288
SR,5,26.877214285714285
SR,6,26.717357142857143
SR,7,26.915071428571427
SR,8,27.582214285714286
SR,9,28.081230769230768
SR,10,28.098538461538467
SR,11,27.837769230769233
SR,12,26.78069230769231
SV,1,24.464214285714288
SV,2,25.46257142857143
SV,3,26.409071428571426
SV,4,27.107357142857147
SV,5,26.628071428571428
SV,6,25.8255
SV,7,25.84342857142857
SV,8,25.875071428571427
SV,9,25.478357142857142
SV,10,24.78946153846154
SV,11,24.67192307692308
SV,12,24.41123076923077
SY,1,6.924285714285714
SY,2,9.060500000000001
SY,3,13.332714285714285
SY,4,17.974
SY,5,23.13742857142857
SY,6,28.085571428571427
SY,7,30.73857142857143
SY,8,30.385285714285715
SY,9,26.647846153846157
SY,10,21.087846153846154
SY,11,13.342153846153847
SY,12,8.313538461538462
SZ,1,22.96164285714286
SZ,2,23.18242857142857
SZ,3,22.24807142857143
SZ,4,19.548714285714286
SZ,5,17.109428571428573
SZ,6,14.810714285714285
SZ,7,14.383857142857142
SZ,8,16.766928571428572
SZ,9,18.988769230769233
SZ,10,20.354307692307692
SZ,11,21.497999999999998
SZ,12,22.558461538461536
TD,1,22.23807142857143
TD,2,25.22
TD,3,28.248285714285714
TD,4,31.058142857142858
TD,5,31.723285714285712
TD,6,31.133928571428573
TD,7,29.63
TD,8,28.801285714285715
TD,9,29.194615384615382
TD,10,28.610999999999997
TD,11,26.261846153846154
TD,12,22.93769230769231
TG,1,27.52942857142857
TG,2,29.461000000000002
TG,3,30.35207142857143
TG,4,29.466714285714286
TG,5,28.434285714285714
TG,6,26.85685714285714
TG,7,25.872357142857144
TG,8,25.49892857142857
TG,9,26.06069230769231
TG,10,26.780307692307694
TG,11,27.755153846153846
TG,12,27.532307692307693
TH,1,23.812571428571427
TH,2,25.894857142857145
TH,3,27.631285714285717
TH,4,29.102928571428574
TH,5,28.4325
TH,6,28.050714285714285
TH,7,27.568428571428573
TH,8,27.375357142857144
TH,9,27.05723076923077
TH,10,26.566076923076928
TH,11,25.351153846153846
TH,12,23.790692307692307
TJ,1,-9.276
TJ,2,-6.403071428571429
TJ,3,0.6542142857142857
TJ,4,6.550857142857143
TJ,5,11.355500000000001
TJ,6,15.683214285714286
TJ,7,17.6275
TJ,8,16.88807142857143
TJ,9,12.194307692307692
TJ,10,5.952846153846154
TJ,11,-0.5123846153846154
TJ,12,-7.2407692307692315
TM,1,1.4807857142857141
TM,2,4.196714285714285
TM,3,10.792142857142858
TM,4,17.1095
TM,5,23.675285714285714
TM,6,28.604214285714285
TM,7,30.613214285714285
TM,8,29.189714285714285
TM,9,23.05892307692308
TM,10,15.938
TM,11,8.529769230769231
TM,12,2.706153846153846
TN,1,11.302071428571429
TN,2,12.489571428571429
TN,3,16.487428571428573
TN,4,19.797642857142858
TN,5,24.18342857142857
TN,6,28.46014285714286
TN,7,31.523357142857144
TN,8,31.068857142857144
TN,9,27.339
TN,10,22.874846153846157
TN,11,17.050153846153844
TN,12,12.438461538461537
TO,1,25.964285714285715
TO,2,26.459785714285715
TO,3,26.361214285714286
TO,4,25.22342857142857
TO,5,23.848000000000003
TO,6,22.547214285714286
TO,7,21.622285714285713
TO,8,21.46157142857143
TO,9,21.96376923076923
TO,10,22.553538461538462
TO,11,23.88276923076923
TO,12,24.967076923076924
TR,1,1.132642857142857
TR,2,2.5255
TR,3,6.7124999999999995
TR,4,11.101928571428571
TR,5,16.006285714285713
TR,6,20.866071428571427
TR,7,24.263714285714286
TR,8,24.296285714285716
TR,9,19.943461538461538
TR,10,14.300384615384615
TR,11,8.091153846153846
TR,12,3.1873846153846155
TW,1,16.70285714285714
TW,2,17.72092857142857
TW,3,19.113714285714284
TW,4,21.901928571428574
TW,5,24.799642857142857
TW,6,26.551285714285715
TW,7,27.86564285714286
TW,8,27.688
TW,9,26.595307692307696
TW,10,24.320692307692305
TW,11,21.808615384615386
TW,12,18.33523076923077
TZ,1,23.65835714285714
TZ,2,23.835642857142858
TZ,3,23.714857142857145
TZ,4,23.06707142857143
TZ,5,22.5425
TZ,6,21.456857142857142
TZ,7,21.013
TZ,8,21.92664285714286
TZ,9,23.280153846153844
TZ,10,24.153692307692307
TZ,11,24.400307692307692
TZ,12,23.786538461538463
UA,1,-3.476357142857143
UA,2,-2.918857142857143
UA,3,2.2495714285714286
UA,4,9.685
UA,5,15.888071428571427
UA,6,19.1345
UA,7,21.84257142857143
UA,8,20.9425
UA,9,15.237615384615385
UA,10,9.010153846153845
UA,11,3.9400000000000004
UA,12,-1.7046923076923077
UG,1,24.384214285714286
UG,2,25.283285714285714
UG,3,24.899642857142858
UG,4,24.019214285714288
UG,5,23.6995
UG,6,23.19707142857143
UG,7,22.724785714285712
UG,8,22.839928571428572
UG,9,23.185692307692307
UG,10,23.462692307692308
UG,11,23.630846153846157
UG,12,23.75376923076923
US,1,-2.524214285714286
US,2,-0.7540714285714286
US,3,3.5791428571428576
US,4,8.879357142857144
US,5,14.564714285714286
US,6,19.56492857142857
US,7,22.223214285714285
US,8,21.254428571428573
US,9,17.028357142857143
US,10,10.074
US,11,3.6631538461538464
US,12,-1.6096153846153847
UY,1,24.58807142857143
UY,2,23.83457142857143
UY,3,22.068357142857142
UY,4,18.254
UY,5,14.690071428571429
UY,6,12.251857142857144
UY,7,11.35
UY,8,13.085214285714287
UY,9,14.791538461538462
UY,10,17.742538461538462
UY,11,20.61223076923077
UY,12,22.583538461538463
UZ,1,-2.0275714285714286
UZ,2,0.6020714285714287
UZ,3,8.329928571428571
UZ,4,15.300571428571429
UZ,5,21.904857142857143
UZ,6,26.84764285714286
UZ,7,28.502214285714285
UZ,8,27.031642857142856
UZ,9,20.50546153846154
UZ,10,13.039
UZ,11,5.883615384615386
UZ,12,-0.652923076923077
VE,1,25.47
VE,2,25.960642857142858
VE,3,26.570071428571428
VE,4,26.403928571428573
VE,5,26.094285714285714
VE,6,25.467357142857143
VE,7,25.314
VE,8,25.610714285714288
VE,9,25.891076923076923
VE,10,25.842846153846153
VE,11,25.886076923076924
VE,12,25.42615384615385
VG,1,25.42607142857143
VG,2,25.430785714285715
VG,3,25.787285714285712
VG,4,26.382
VG,5,27.4435
VG,6,28.401928571428574
VG,7,28.720928571428573
VG,8,28.957642857142854
VG,9,28.806928571428575
VG,10,28.12576923076923
VG,11,27.29046153846154
VG,12,26.134692307692305
VN,1,19.569714285714287
VN,2,21.24257142857143
VN,3,23.085428571428572
VN,4,25.52414285714286
VN,5,26.88342857142857
VN,6,27.487285714285715
VN,7,27.246214285714284
VN,8,26.872500000000002
VN,9,26.06392307692308
VN,10,24.570692307692312
VN,11,22.687538461538466
VN,12,20.502384615384617
WS,1,27.10757142857143
WS,2,27.14114285714286
WS,3,27.275857142857145
WS,4,27.275214285714288
WS,5,27.211785714285714
WS,6,26.8585
WS,7,26.45307142857143
WS,8,26.5245
WS,9,26.772
WS,10,26.736615384615387
WS,11,27.130153846153846
WS,12,27.099692307692308
YE,1,20.99664285714286
YE,2,23.286642857142855
YE,3,25.761214285714285
YE,4,28.395285714285713
YE,5,31.080857142857145
YE,6,32.087
YE,7,31.582714285714285
YE,8,30.964785714285714
YE,9,30.005999999999997
YE,10,27.104846153846154
YE,11,24.349307692307693
YE,12,21.488076923076925
YT,1,27.587857142857143
YT,2,27.80842857142857
YT,3,28.113857142857142
YT,4,28.17314285714286
YT,5,27.706500000000002
YT,6,26.473142857142857
YT,7,25.648
YT,8,25.705357142857142
YT,9,26.15323076923077
YT,10,26.755846153846157
YT,11,27.659
YT,12,27.678538461538462
ZA,1,23.071714285714286
ZA,2,23.099500000000003
ZA,3,21.46257142857143
ZA,4,17.882214285714287
ZA,5,14.608428571428572
ZA,6,11.690214285714287
ZA,7,11.307928571428572
ZA,8,13.3955
ZA,9,16.456923076923076
ZA,10,19.143230769230772
ZA,11,20.864384615384616
ZA,12,22.340692307692304
ZM,1,22.49257142857143
ZM,2,22.75242857142857
ZM,3,22.740571428571428
ZM,4,21.743214285714288
ZM,5,20.29407142857143
ZM,6,18.294785714285716
ZM,7,17.863071428571427
ZM,8,20.576214285714286
ZM,9,23.730384615384615
ZM,10,25.247307692307693
ZM,11,24.589923076923075
ZM,12,22.929461538461542
ZW,1,23.943857142857144
ZW,2,23.833214285714288
ZW,3,23.256500000000006
ZW,4,21.342357142857143
ZW,5,19.256785714285716
ZW,6,17.046357142857143
ZW,7,16.322
ZW,8,19.158285714285714
ZW,9,22.612615384615385
ZW,10,24.696307692307695
ZW,11,24.89707692307692
ZW,12,23.978230769230773
