PAIS_ISO3;PAIS_ISO2;PAIS_NOM;COD_CONTINENTE;CONTINENTE;OMS_REGION;DESC_OMS_REGION;PAIS_NOM_2;POBLACION;GDP per capita (current US$);Individuals using the Internet (% of population);People using at least basic drinking water services (% of population);People using at least basic sanitation services (% of population);Population density (people per sq. km of land area);Rural population (% of total population);Urban population (% of total population);AverageTemperature;Altura Promedio
AGO;AO;Angola;AF;Africa;AFRO;Africa;Angola;35588987.0;150.295.075.414.518;3.255.014.678;5.716.773.762;5.166.032.915;268.135.766.423.358;33.175;66.825;22.508.965.200.000.000;1112.0
BDI;BI;Burundi;AF;Africa;AFRO;Africa;Burundi;12889576.0;216.827.417.445.762;3.787.954.422;6.220.712.225;4.572.751.068;475.865.537.383.178;86.292;13.708;20.816.609.432.499.900;1504.0
BEN;BJ;Benin;AF;Africa;AFRO;Africa;Benin;13352864.0;12.379.492.953.503;2.822.915.416;6.541.412.299;1.696.288.434;11.212.418.410.784;51.585;48.415;27.937.785.254.999.900;273.0
BFA;BF;Burkina Faso;AF;Africa;AFRO;Africa;Burkina Faso;22673762.0;833.244.336.106.076;1.393.797.176;4.721.485.446;216.643.726;786.645.687.134.503;69.393;30.607;289.099.885.525;297.0
BWA;BW;Botswana;AF;Africa;AFRO;Africa;Botswana;2630296.0;587.507.060.571.282;7.274.801.998;9.221.356.307;8.002.624.315;449.314.841.282.445;29.123;70.877;2.250.548.351.666.660;1013.0
CAF;CF;Central African Republic;AF;Africa;AFRO;Africa;Central African Republic;5579144.0;435.469.248.170.025;8.565.672.483;3.720.240.205;1.411.863.478;85.765.514.141.706;57.802;42.198;25.987.834.248.333.300;
CIV;CI;Cote d'Ivoire;AF;Africa;AFRO;Africa;Côte d’Ivoire;28160542.0;234.906.988.200.032;413.736.053;7.090.907.039;345.659.625;843.138.050.314.465;48.294;51.706;;250.0
CMR;CM;Cameroon;AF;Africa;AFRO;Africa;Cameroon;27914536.0;153.913.054.650.019;4.552.922.268;6.572.041.818;4.463.112.443;56.040.885.532.356;42.44;57.56;25.067.209.706.666.600;667.0
COD;CD;Congo (Kinshasa);AF;Africa;AFRO;Africa;Democratic Republic of the Congo;99010212.0;524.666.686.258.939;2.286.494.849;4.595.212.696;1.538.867.157;409.577.045.058.556;54.362;45.638;;726.0
COG;CG;Congo (Brazzaville);AF;Africa;AFRO;Africa;Congo;5970424.0;183.844.812.411.674;;7.378.451.158;2.045.974.611;166.974.348.462.665;32.171;67.829;;430.0
COM;KM;Comoros;AF;Africa;AFRO;Africa;Comoros;836774.0;151.958.677.981.636;2.116.321.517;;;433.189.682.966.147;70.62;29.38;26.478.707.874.999.900;
CPV;CV;Cape Verde;AF;Africa;AFRO;Africa;Cabo Verde;593149.0;322.373.560.213.047;6.316.119.125;8.876.960.642;7.911.569.269;144.575.682.382.134;33.348;66.652;250.559.812.275;
DJI;DJ;Djibouti;AF;Africa;EMRO;Mediterráneo Oriental;Djibouti;1120849.0;29.179.962.809.563;6.126.152.265;7.604.992.021;6.672.263.564;470.300.258.843.831;21.938;78.062;2.974.414.514.833.330;
DZA;DZ;Algeria;AF;Africa;AFRO;Africa;Algeria;44903225.0;335.415.730.265.114;6.394.999.611;9.443.732.996;8.596.546.957;182.436.570.559.099;26.267;73.733;2.423.984.295;
EGY;EG;Egypt;AF;Africa;EMRO;Mediterráneo Oriental;Egypt;110990103.0;35.715.569.065.135;7.191.420.097;9.944.017.596;9.732.547.363;107.956.335.325.732;57.217;42.783;23.682.254.579.166.600;321.0
ERI;ER;Eritrea;AF;Africa;AFRO;Africa;Eritrea;3684032.0;;1.417.998.705;;;293.774.260.253.951;58.653;41.347;27.694.040.750.833.300;853.0
ESH;EH;Western Sahara;AF;Africa;Z999;Sin determinar;Western Sahara;;;;;;;;;23.439.107.142.500.000;256.0
ETH;ET;Ethiopia;AF;Africa;AFRO;Africa;Ethiopia;123379924.0;918.652.594.077.418;1.642.294.727;4.961.557.274;8.910.277.929;103.840.062.771.756;78.305;21.695;23.875.707.418.333.300;1330.0
GAB;GA;Gabon;AF;Africa;AFRO;Africa;Gabon;2388992.0;668.008.267.035.331;7.078.874.796;853.419.306;4.982.416.677;889.732.215.624.636;9.908;90.092;24.911.266.025;377.0
GHA;GH;Ghana;AF;Africa;AFRO;Africa;Ghana;33475870.0;217.657.621.802.942;5.668.215.981;8.579.099.665;2.370.247.451;141.431.796.706.412;42.651;57.349;27.490.633.699.166.600;190.0
GIN;GN;Guinea;AF;Africa;AFRO;Africa;Guinea;13859341.0;10.736.593.389.589;288.232.306;6.396.178.874;2.977.614.039;537.406.519.615.823;63.125;36.875;26.312.939.104.166.600;472.0
GMB;GM;Gambia;AF;Africa;AFRO;Africa;Gambia;2705992.0;704.030.457.831.626;3.160.419.095;8.094.040.714;4.687.122.407;25.434.733.201.581;37.418;62.582;2.835.178.434.166.660;34.0
GNB;GW;Guinea-Bissau;AF;Africa;AFRO;Africa;Guinea-Bissau;2105566.0;710.258.132.977.055;2.790.528.061;5.901.691.221;182.250.438;716.866.287.339.972;55.804;44.196;;70.0
GNQ;GQ;Equatorial Guinea;AF;Africa;AFRO;Africa;Equatorial Guinea;1674908.0;632.759.896.192.339;5.383.614.077;;;569.001.426.024.955;26.9;73.1;25.606.118.589.999.900;577.0
KEN;KE;Kenya;AF;Africa;AFRO;Africa;Kenya;54027487.0;193.625.075.166.045;2.553.293.999;6.163.289.158;3.269.894.486;913.409.354.464.631;72.005;27.995;24.849.979.395.833.300;762.0
LBR;LR;Liberia;AF;Africa;AFRO;Africa;Liberia;5302681.0;597.529.691.893.048;2.795.308.059;7.526.179.159;1.816.357.204;528.196.013.289.037;47.911;52.089;26.246.026.099.166.600;243.0
LBY;LY;Libya;AF;Africa;EMRO;Mediterráneo Oriental;Libya;6812341.0;703.465.836.451.166;;998.915.238;9.210.600.221;378.163.724.609.841;19.309;80.691;23.382.563.185.833.300;423.0
LSO;LS;Lesotho;AF;Africa;AFRO;Africa;Lesotho;2305825.0;939.504.249.056.769;4.285.616.632;7.217.603.927;5.031.807.569;742.457.180.500.659;70.972;29.028;14.407.185.440.583.300;2161.0
MAR;MA;Morocco;AF;Africa;EMRO;Mediterráneo Oriental;Morocco;37457971.0;325.810.498.046.875;8.412.036.305;9.040.234.468;8.725.043.077;822.065.247.591.306;36.468;63.532;18.763.979.395;909.0
MDG;MG;Madagascar;AF;Africa;AFRO;Africa;Madagascar;29611714.0;46.240.422.880.067;1.371.677.775;5.338.588.491;1.231.140.011;485.135.390.168.443;61.466;38.534;235.537.184.075;615.0
MLI;ML;Mali;AF;Africa;AFRO;Africa;Mali;22593590.0;82.290.613.752.314;2.785.653.831;8.254.729.103;4.539.420.987;173.940.451.896.836;56.091;43.909;2.931.019.001.916.660;343.0
MOZ;MZ;Mozambique;AF;Africa;AFRO;Africa;Mozambique;32969518.0;454.062.364.345.564;1.631.226.657;6.336.942.563;3.720.486.798;396.478.025.890.791;62.926;37.074;24.266.510.073.333.300;345.0
MRT;MR;Mauritania;AF;Africa;AFRO;Africa;Mauritania;4736139.0;186.846.824.831.502;5.351.699.827;7.168.104.923;4.983.422.278;436.461.045.891.142;44.673;55.327;28.585.843.407.499.900;276.0
MUS;MU;Mauritius;AF;Africa;AFRO;Africa;Mauritius;1262523.0;900.546.202.174.274;6.488.490.358;998.662.547;;623.652.216.748.769;59.24;40.76;24.354.582.417.499.900;
MWI;MW;Malawi;AF;Africa;AFRO;Africa;Malawi;20405317.0;622.184.591.368.491;1.892.676.996;7.004.772.851;2.655.426.445;205.526.739.499.364;82.573;17.427;221.323.443.225;779.0
MYT;YT;Mayotte;AF;Africa;AFRO;Africa;Mayotte;;;;;;;;;27.121.908.424.166.600;
NAM;NM;Namibia;AF;Africa;AFRO;Africa;Namibia;2567012.0;425.204.180.684.509;4.876.420.428;8.427.003.628;3.525.996.865;302.335.507.536.834;47.967;52.033;212.156.149.275;1141.0
NER;NE;Niger;AF;Africa;AFRO;Africa;Niger;26207977.0;564.821.997.328.603;2.146.379.477;4.691.179.747;1.475.130.566;192.102.620.983.658;83.374;16.626;28.377.290.292.500.000;484.0
NGA;NG;Nigeria;AF;Africa;AFRO;Africa;Nigeria;218541212.0;207.461.392.802.438;5.145.837.417;7.760.905.338;4.272.256.141;228.737.667.028.997;48.042;51.958;27.541.461.996.666.600;380.0
REU;RE;Reunion;AF;Africa;AFRO;Africa;Réunion;;;;;;;;;24.118.249.083.333.300;
RWA;RW;Rwanda;AF;Africa;AFRO;Africa;Rwanda;13776698.0;773.820.557.473.379;23.8;6.041.450.115;6.883.344.246;532.888.609.647.345;82.568;17.432;19.978.414.375.833.300;1598.0
SDN;SD;Sudan;AF;Africa;EMRO;Mediterráneo Oriental;South Sudan;46874204.0;60.833.251.953.125;28.4;604.486.756;3.689.208.291;237.904.100.642.398;64.747;35.253;2.791.455.357.166.660;568.0
SEN;SN;Senegal;AF;Africa;AFRO;Africa;Senegal;17316449.0;149.247.590.420.334;4.717.942.509;8.490.523.779;5.677.646.012;853.691.372.773.074;51.878;48.122;28.801.924.908.333.300;69.0
SHN;SH;Saint Helena;AF;Africa;AFRO;Africa;Saint Helena Ascension and Tristan da Cunha;;;;;;;;;;
SLE;SL;Sierra Leone;AF;Africa;AFRO;Africa;Sierra Leone;8605718.0;493.432.252.431.844;18.0;6.376.628.562;1.650.967.615;114.075.505.680.244;57.077;42.923;26.887.852.105.833.300;279.0
SOM;SO;Somalia;AF;Africa;EMRO;Mediterráneo Oriental;Somalia;17597511.0;416.217.774.718.244;;5.647.697.339;3.930.661.638;263.605.317.690.567;53.859;46.141;277.377.097.075;410.0
STP;ST;Sao Tome and Principe;AF;Africa;AFRO;Africa;Sao Tome and Principe;227380.0;216.131.020.078.768;4.031.067.242;7.822.645.516;4.762.107.761;227.751.041.666.667;25.646;74.354;;
SWZ;SZ;Swaziland;AF;Africa;AFRO;Africa;Eswatini;1201670.0;337.290.463.883.844;5.642.093.688;7.075.307.095;6.429.217.458;686.427.325.581.395;75.829;24.171;19.534.277.015;
SYC;SC;Seychelles;AF;Africa;AFRO;Africa;Seychelles;100060.0;12.020.021.913.519;7.546.919.577;;100.0;214.047.826.086.957;42.454;57.546;27.538.701.464.166.600;
TCD;TD;Chad;AF;Africa;AFRO;Africa;Chad;17723315.0;643.772.216.240.999;1.166.019.198;4.618.753.479;1.206.370.114;132.184.728.398.983;76.48;23.52;27.921.512.819.166.600;543.0
TGO;TG;Togo;AF;Africa;AFRO;Africa;Togo;8848699.0;875.245.409.906.734;2.907.583.302;6.858.372.009;1.860.319.806;155.223.018.937.305;57.2;42.8;276.333.420.325;
TUN;TN;Tunisia;AF;Africa;EMRO;Mediterráneo Oriental;Tunisia;12356117.0;349.773.323.057.269;7.280.748.713;9.754.330.899;9.743.445.889;782.809.152.935.118;30.432;69.568;21.251.246.795;246.0
TZA;TZ;Tanzania;AF;Africa;AFRO;Africa;United Republic of Tanzania;65497748.0;110.416.442.871.094;2.344.750.876;6.071.679.759;317.607.758;696.596.500.338.677;64.773;35.227;23.069.635.073.333.300;1018.0
UGA;UG;Uganda;AF;Africa;AFRO;Africa;Uganda;47249585.0;846.881.199.214.807;6.1;5.585.504.921;1.978.963.715;221.447.292.040.694;75.046;24.954;23.756.720.238.333.300;
ZAF;ZA;South Africa;AF;Africa;AFRO;Africa;South Africa;59893885.0;574.164.124.877.252;7.032.030.996;9.388.505.744;7.847.461.071;484.728.478.513.548;32.646;67.354;1.794.360.851.833.330;1034.0
ZMB;ZM;Zambia;AF;Africa;AFRO;Africa;Zambia;20017675.0;956.831.747.486.282;1.805.191.463;6.541.238.357;3.189.963.255;254.613.527.219.898;55.371;44.629;219.378.337.925;1138.0
ZWE;ZW;Zimbabwe;AF;Africa;AFRO;Africa;Zimbabwe;16320537.0;137.269.667.433.317;2.929.856.532;6.266.645.761;3.519.236.284;405.057.929.430.012;67.758;32.242;21.695.298.990.833.300;961.0
ATA;AQ;Antarctica;AN;Antartida;Z999;Sin determinar;Antarctica;;;;;;;;;;2300.0
ATF;TF;French Southern Territories;AN;Antartida;Z999;Sin determinar;French Southern Territories;;;;;;;;;;
BVT;BV;Bouvet Island;AN;Antartida;Z999;Sin determinar;Bouvet Island;;;;;;;;;;
HMD;HM;Heard Island and McDonald Mcdonald Islands;AN;Antartida;Z999;Sin determinar;Heard Island and McDonald Mcdonald Islands;;;;;;;;;;
SGS;GS;South Georgia and the Islands;AN;Antartida;Z999;Sin determinar;South Georgia and the Islands;;;;;;;;;;
AFG;AF;Afghanistan;AS;Asia;EMRO;Mediterráneo Oriental;Afghanistan;41128771.0;516.866.797.351.726;18.4;7.509.141.325;5.049.964.687;597.522.806.371.985;73.974;26.026;15.329.334.248.583.300;1884.0
ARE;AE;United Arab Emirates;AS;Asia;EMRO;Mediterráneo Oriental;United Arab Emirates;9441129.0;376.291.741.680.652;100.0;99.965.596;9.922.957;130.770.050.689.946;12.952;87.048;29.095.662.546.666.600;
ARM;AM;Armenia;AS;Asia;EURO;Europa;Armenia;2780469.0;450.586.774.552.638;7.650.770.055;9.997.118.069;9.393.674.174;985.461.187.214.612;36.687;63.313;994.598.305.925;1792.0
AZE;AZ;Azerbaijan;AS;Asia;EURO;Europa;Azerbaijan;10175016.0;422.991.064.904.503;8.459.999.573;9.604.337.613;;122.124.736.829.369;43.603;56.397;1.268.609.890.225;384.0
BGD;BD;Bangladesh;AS;Asia;SEARO;Sudeste Asiático;Bangladesh;171186372.0;223.330.589.251.829;32.87;9.769.796.025;5.416.469.553;128.617.155.258.508;61.823;38.177;25.475.907.965.833.300;85.0
BHR;BH;Bahrain;AS;Asia;EMRO;Mediterráneo Oriental;Bahrain;1472233.0;234.331.872.362.574;9.967.103.159;100.0;100.0;188.212.611.464.968;10.494;89.506;27.292.021.979.166.600;
BRN;BN;Brunei;AS;Asia;WPRO;Pacífico Occidental;Brunei Darussalam;449002.0;271.793.444.218.249;9.606.912.594;999.000.368;;838.187.855.787.476;21.75;78.25;;478.0
BTN;BT;Bhutan;AS;Asia;SEARO;Sudeste Asiático;Bhutan;782455.0;300.992.551.590.976;7.986.984.884;9.731.322.263;7.650.655.402;202.544.834.819.088;57.684;42.316;12.494.016.025.833.300;2200.0
CCK;CC;Cocos (Keeling) Islands;AS;Asia;SEARO;Sudeste Asiático;Cocos (Keeling) Islands;;;;;;;;;;91.0
CHN;CN;China;AS;Asia;WPRO;Pacífico Occidental;China;1412175000.0;104.087.191.247.747;7.005.275.998;9.426.111.059;9.237.617.808;149.723.552.558.882;38.572;61.428;760.011.767.475;
CXR;CX;Christmas Island;AS;Asia;Z999;Sin determinar;Christmas Island;;;;;;;;;26.571.907.966.666.600;91.0
CYP;CY;Cyprus;AS;Asia;EURO;Europa;Cyprus;1251488.0;28.035.984.375;9.080.194.644;9.976.517.318;9.939.596.129;133.932.575.757.576;33.179;66.821;19.908.516.025;91.0
GEO;GE;Georgia;AS;Asia;EURO;Europa;Georgia;3712502.0;425.574.299.321.254;7.253.157.487;973.481.397;8.576.672.943;651.302.704.783.232;40.547;59.453;9.491.058.149.833.330;1432.0
HKG;HK;Hong Kong;AS;Asia;SEARO;Sudeste Asiático;Hong Kong;7346100.0;461.092.299.946.609;9.241.313.602;100.0;9.650.417.399;71.247.619.047.619;0.0;100.0;23.278.638.736.666.600;
IDN;ID;Indonesia;AS;Asia;SEARO;Sudeste Asiático;Indonesia;275501339.0;389.561.815.205.095;5.372.649.449;9.241.534.961;86.462.642;144.796.388.212.316;43.359;56.641;2.636.355.677.666.660;367.0
IND;IN;India;AS;Asia;SEARO;Sudeste Asiático;India;1417173173.0;191.321.972.103.493;4.340.544.313;9.048.952.503;7.126.847.596;469.659.566.660.725;65.074;34.926;24.669.692.766.666.600;160.0
IOT;IO;British Indian Ocean Territory;AS;Asia;SEARO;Sudeste Asiático;British Indian Ocean Territory;;;;;;;;;;
IRN;IR;Iran;AS;Asia;EMRO;Mediterráneo Oriental;Iran (Islamic Republic of);88550570.0;274.641.948.317.956;7.556.986.637;9.748.263.633;9.026.676.799;537.998.107.858.243;24.126;75.874;19.114.207.876.416.600;1305.0
IRQ;IQ;Iraq;AS;Asia;EMRO;Mediterráneo Oriental;Iraq;44496122.0;425.133.725.272.808;457.863.696;9.835.990.325;9.996.973.686;980.286.551.431.836;29.107;70.893;23.118.021.520.499.900;312.0
ISR;IL;Israel;AS;Asia;EURO;Europa;Israel;9550600.0;448.467.915.954.816;9.012.734.091;100.0;9.994.903.563;425.836.414.048.059;7.413;92.587;2.077.745.787.583.330;508.0
JOR;JO;Jordan;AS;Asia;EMRO;Mediterráneo Oriental;Jordan;11285869.0;398.765.017.399.411;7.544.769.493;9.894.030.296;9.708.435.633;123.079.498.614.771;858.199.999.999.999;91.418;20.521.577.381.750.000;812.0
JPN;JP;Japan;AS;Asia;WPRO;Pacífico Occidental;Japan;125124989.0;399.869.286.287.091;9.021.945.812;9.907.891.245;99.921.764;346.395.061.728.395;8.218;91.782;128.390.879.125;438.0
KAZ;KZ;Kazakhstan;AS;Asia;EURO;Europa;Kazakhstan;19621972.0;912.163.640.167.864;8.594.259.898;9.543.497.032;978.671.202;694.731.488.683.928;42.329;57.671;6.730.581.959.416.660;387.0
KGZ;KG;Kyrgyzstan;AS;Asia;EURO;Europa;Kyrgyzstan;6803300.0;118.252.150.620.357;72.0;9.169.930.522;9.789.104.384;343.060.479.666.319;63.144;36.856;4.554.083.791.166.660;2988.0
KHM;KH;Cambodia;AS;Asia;WPRO;Pacífico Occidental;Cambodia;16767842.0;157.791.173.993.243;5.365.076.745;7.121.988.497;6.876.930.002;928.895.309.313.392;75.768;24.232;27.347.541.209.166.600;126.0
KOR;KR;South Korea;AS;Asia;WPRO;Pacífico Occidental;Republic of Korea;51628117.0;317.212.980.183.057;9.650.505.968;9.993.139.665;999.374.936;531.109.006.147.541;18.586;81.414;12.790.910.257.833.300;482.0
KWT;KW;Kuwait;AS;Asia;EMRO;Mediterráneo Oriental;Kuwait;4268873.0;242.977.011.414.501;9.910.587.017;100.0;100.0;244.693.827.160.494;0.0;100.0;26.438.711.539.166.600;108.0
LAO;LA;Laos;AS;Asia;WPRO;Pacífico Occidental;Lao People's Democratic Republic;7529475.0;259.335.509.719.847;54.0;8.521.974.318;7.948.011.751;317.131.672.443.674;63.71;36.29;24.245.282.051.666.600;710.0
LBN;LB;Lebanon;AS;Asia;EMRO;Mediterráneo Oriental;Lebanon;5489739.0;559.995.752.260.733;831.038.168;92.6;99.2;553.560.410.557.185;11.075;88.925;18.772.958.335.000.000;1250.0
LKA;LK;Sri Lanka;AS;Asia;SEARO;Sudeste Asiático;Sri Lanka;22181000.0;385.238.996.755.421;5.920.997.531;9.222.757.937;9.365.293.491;354.332.363.401.229;81.287;18.713;276.918.905.675;228.0
MAC;MO;Macao;AS;Asia;SEARO;Sudeste Asiático;Macao;695168.0;376.464.956.527.785;8.833.262.029;100.0;100.0;205.557.142.857.143;0.0;100.0;;
MDV;MV;Maldives;AS;Asia;SEARO;Sudeste Asiático;Maldives;523787.0;728.237.291.624.623;7.758.622.488;995.444.386;9.915.533.568;171.479.333.333.333;59.331;40.669;;2.0
MMR;MM;Myanmar;AS;Asia;SEARO;Sudeste Asiático;Myanmar;54179306.0;147.745.290.479.479;4.195.429.049;8.371.819.191;7.363.687.714;818.533.071.843.351;68.859;31.141;;
MNG;MN;Mongolia;AS;Asia;WPRO;Pacífico Occidental;Mongolia;3398366.0;404.117.414.513.165;6.563.058.022;8.549.562.527;6.774.079.142;21.151.336.184.565;31.343;68.657;0.5124615389166666;1528.0
MYS;MY;Malaysia;AS;Asia;WPRO;Pacífico Occidental;Malaysia;33938221.0;101.608.293.465.592;8.955.501.192;9.709.990.707;;10.105.004.717.699;22.84;77.16;26.571.893.315;419.0
NPL;NP;Nepal;AS;Asia;SEARO;Sudeste Asiático;Nepal;30547580.0;113.918.989.202.387;4.584.615.896;9.007.454.179;7.661.121.355;204.734.056.505.058;79.424;20.576;15.607.792.125.666.600;2565.0
OMN;OM;Oman;AS;Asia;EMRO;Mediterráneo Oriental;Oman;4576298.0;167.076.230.063.214;9.523.229.321;9.216.802.469;9.932.024.218;14.679.802.907.916;13.724;86.276;28.104.244.046.666.600;310.0
PAK;PK;Pakistan;AS;Asia;EMRO;Mediterráneo Oriental;Pakistan;235824862.0;132.231.478.270.271;1.893.481.469;9.014.896.508;6.839.731.114;294.723.875.311.333;62.835;37.165;21.701.759.156.416.600;900.0
PHL;PH;Philippines;AS;Asia;WPRO;Pacífico Occidental;Philippines;115559009.0;32.244.228.110.466;4.711.190.815;9.410.903.456;8.225.604.781;376.265.140.691.552;52.592;47.408;27.084.423.992.500.000;442.0
PRK;KP;North Korea;AS;Asia;SEARO;Sudeste Asiático;Democratic People's Republic of Korea;26069416.0;;;9.384.384.303;8.466.546.354;214.828.228.552.446;37.619;62.381;7.778.653.389.416.660;600.0
PSE;PS;Palestine;AS;Asia;EMRO;Mediterráneo Oriental;occupied Palestinian territory including east Jerusalem;5043612.0;323.356.863.835.858;74.6;9.788.039.722;9.857.792.609;797.885.215.946.844;23.281;76.719;;
QAT;QA;Qatar;AS;Asia;EMRO;Mediterráneo Oriental;Qatar;2695122.0;523.156.600.783.117;9.965.284.913;9.956.810.194;100.0;240.242.384.682.332;0.765000000000001;99.235;28.204.603.935.833.300;28.0
SAU;SA;Saudi Arabia;AS;Asia;EMRO;Mediterráneo Oriental;Saudi Arabia;36408820.0;203.980.609.873.699;978.623.325;100.0;100.0;167.452.548.972.177;15.713;84.287;26.738.640.109.166.600;665.0
SGP;SG;Singapore;AS;Asia;WPRO;Pacífico Occidental;Singapore;5637022.0;612.740.064.626.976;9.200.434.653;100.0;100.0;791.895.125.348.189;0.0;100.0;273.154.500.925;
SYR;SY;Syria;AS;Asia;EMRO;Mediterráneo Oriental;Syrian Arab Republic;22125249.0;537.211.361.424.552;35.78;9.392.585.718;8.969.347.966;113.122.011.653.869;44.525;55.475;19.085.811.813;514.0
THA;TH;Thailand;AS;Asia;SEARO;Sudeste Asiático;Thailand;71697030.0;700.178.541.255.771;7.784.374.066;100.0;9.871.311.912;13.990.421.421.441;48.57;51.43;26.719.483.058.333.300;287.0
TJK;TJ;Tajikistan;AS;Asia;EURO;Europa;Tajikistan;9952787.0;852.330.229.589.791;;8.185.241.502;9.676.531.446;687.600.475.538.583;72.494;27.506;5.289.523.809.833.330;3186.0
TKM;TM;Turkmenistan;AS;Asia;EURO;Europa;Turkmenistan;6430770.0;729.718.004.219.407;;100.0;9.941.113.393;133.007.852.233.311;47.484;52.516;1.632.453.479.975;230.0
TLS;TL;East Timor;AS;Asia;SEARO;Sudeste Asiático;Timor-Leste;1341296.0;166.030.830.887.811;3.412.927.356;854.956.012;5.676.669.456;874.240.080.699.395;68.68;31.32;;
TWN;TW;Taiwan;AS;Asia;Z999;Sin determinar;Taiwan;;;;;;;;;2.278.365.384.583.330;1150.0
UZB;UZ;Uzbekistan;AS;Asia;EURO;Europa;Uzbekistan;35648100.0;175.930.747.050.785;7.109.999.824;9.782.878.485;100.0;776.853.511.857.483;49.584;50.416;13.772.209.249.916.600;
VNM;VN;Vietnam;AS;Asia;WPRO;Pacífico Occidental;Viet Nam;98186856.0;358.634.729.656.749;7.030.000.012;9.688.435.687;8.924.647.713;308.359.102.061.392;62.66;37.34;243.113.186.825;398.0
YEM;YE;Yemen;AS;Asia;EMRO;Mediterráneo Oriental;Yemen;33696614.0;583.875.662.932.079;;6.066.356.984;5.411.663.604;6.114.750.080.497;62.092;37.908;27.258.614.468.333.300;999.0
ALB;AL;Albania;EU;Europe;EURO;Europa;Albania;2775634.0;53.430.377.039.956;7.223.767.711;9.506.803.883;9.929.879.315;103.571.131.386.861;37.888;62.112;13.589.268.315.166.600;708.0
AND;AD;Andorra;EU;Europe;EURO;Europa;Andorra;79824.0;372.072.220.000.095;9.320.564.892;1.000.000.037;1.000.000.037;16.531.914.893.617;12.084;87.916;12.257.217.950.083.300;1996.0
ANT;AN;Netherlands Antilles;EU;Europe;EURO;Europa;Netherlands Antilles;;;;;;;;;;
AUT;AT;Austria;EU;Europe;EURO;Europa;Austria;9042528.0;488.092.268.762.235;8.752.942.813;100.0;9.997.260.464;108.057.004.362.579;41.252;58.748;743.546.245.375;910.0
BEL;BE;Belgium;EU;Europe;EURO;Europa;Belgium;11669446.0;455.179.038.182.019;9.152.641.629;9.999.999.645;9.948.615.647;381.063.540.290.621;192.100.000.000.001;98.079;1.062.940.796.725;181.0
BGR;BG;Bulgaria;EU;Europe;EURO;Europa;Bulgaria;6465097.0;101.534.766.003.869;7.016.248.359;9.901.141.694;8.603.496.784;638.726.510.685.335;24.314;75.686;1.160.728.983.475;472.0
BLR;BY;Belarus;EU;Europe;EURO;Europa;Belarus;9208701.0;65.428.645.398.436;8.508.791.245;9.653.472.608;9.790.431.818;46.211.212.927.382;20.517;79.483;729.557.326;
CHE;CH;Switzerland;EU;Europe;EURO;Europa;Switzerland;8769741.0;85.656.322.666.307;9.434.995.199;1.000.000.028;9.989.987.655;218.599.059.672.745;26.085;73.915;8.155.331.045.166.660;1350.0
CZE;CZ;Czech Republic;EU;Europe;EURO;Europa;Czechia;10526073.0;229.928.793.833.348;8.133.889.705;9.988.059.167;9.913.349.732;138.575.928.842.168;25.939;74.061;8.855.068.681.916.660;433.0
DEU;DE;Germany;EU;Europe;EURO;Europa;Germany;84079811.0;467.728.253.507.537;8.981.294.133;1.000.000.023;9.922.561.915;238.017.318.755.545;22.547;77.453;9.345.061.355.166.660;263.0
DNK;DK;Denmark;EU;Europe;EURO;Europa;Denmark;5903037.0;609.154.243.995.462;9.654.914.573;1.000.000.011;9.959.722.947;1.457.851;11.884;88.116;-16.394.168.498.750.000;34.0
ESP;ES;Spain;EU;Europe;EURO;Europa;Spain;47615034.0;269.596.754.367.322;9.320.564.892;9.992.561.261;9.990.336.421;94.815.383.748.924;19.19;80.81;1.460.164.056.725;660.0
EST;EE;Estonia;EU;Europe;EURO;Europa;Estonia;1344768.0;235.952.436.836.437;8.905.828.666;9.959.078.178;9.914.176.925;310.999.298.245.614;30.771;69.229;6.213.739.469.833.330;61.0
FIN;FI;Finland;EU;Europe;EURO;Europa;Finland;5556880.0;49.169.719.338.849;9.217.027.106;1.000.000.033;9.944.792.539;181.928.768.835.954;14.483;85.517;2.674.203.755;164.0
FRA;FR;France;EU;Europe;EURO;Europa;France;67935660.0;390.552.829.280.747;8.470.640.914;999.999.985;9.864.760.678;123.404.699.419.421;19.025;80.975;13.826.482.601.083.300;375.0
FRO;FO;Faroe Islands;EU;Europe;EURO;Europa;Faroe Islands;53090.0;619.797.954.421.759;;100.0;;383.711.566.617.862;57.602;42.398;7.518.966.117.083.330;
GBR;GB;United Kingdom;EU;Europe;EURO;Europa;The United Kingdom;66971411.0;403.184.169.225.055;9.481.820.132;9.999.999.856;991.069.609;27.727.538.544.207;16.097;83.903;9.438.782.966.583.330;162.0
GGY;GG;Guernsey;EU;Europe;EURO;Europa;Guernsey;;;;;;;;;11.899.539.376.249.900;
GIB;GI;Gibraltar;EU;Europe;EURO;Europa;Gibraltar;32649.0;;;100.0;100.0;3270.9;0.0;100.0;;
GRC;GR;Greece;EU;Europe;EURO;Europa;Greece;10566531.0;176.589.473.011.189;7.811.584.474;1.000.000.023;9.899.374.813;82.999.216.446.858;20.285;79.715;15.752.076.006.000.000;498.0
HRV;HR;Croatia;EU;Europe;EURO;Europa;Croatia;3854000.0;142.365.352.454.642;7.832.093.274;;9.656.523.542;723.316.654.753.395;42.447;57.553;12.553.709.248.833.300;331.0
HUN;HU;Hungary;EU;Europe;EURO;Europa;Hungary;9683505.0;161.256.094.085.407;8.477.115.202;9.999.999.747;979.837.035;106.839.239.535.393;28.058;71.942;10.945.816.392.333.300;143.0
IMN;IM;Isle of Man;EU;Europe;EURO;Europa;Isle of Man;84519.0;795.306.054.842.568;;99.075;;147.449.122.807.018;47.102;52.898;;
IRL;IE;Ireland;EU;Europe;EURO;Europa;Ireland;5086988.0;854.201.908.556.082;9.199.989.097;9.739.970.651;9.133.736.508;723.672.811.728.843;36.347;63.653;10.244.651.098.333.300;118.0
ISL;IS;Iceland;EU;Europe;EURO;Europa;Iceland;381900.0;588.137.969.830.876;995.327.519;9.999.999.721;9.878.054.272;363.446.394.922.146;6.102;93.898;25.387.445.055;557.0
ITA;IT;Italy;EU;Europe;EURO;Europa;Italy;58856847.0;319.186.934.933.773;7.048.342.785;9.991.703.407;998.851.602;200.999.100.491.348;28.961;71.039;1.384.978.479.725;538.0
JEY;JE;Jersey;EU;Europe;EURO;Europa;Jersey;;;;;;;;;11.899.539.376.249.900;
LIE;LI;Liechtenstein;EU;Europe;EURO;Europa;Liechtenstein;39327.0;165.284.497.122.453;9.434.995.199;100.0;99.95;242.225;85.584;14.416;58.118.411.158.333.300;
LTU;LT;Lithuania;EU;Europe;EURO;Europa;Lithuania;2833000.0;203.639.244.050.084;8.305.554.241;9.801.334.724;9.393.707.198;446.324.656.659.214;31.954;68.046;7.264.728.479.833.330;110.0
LUX;LU;Luxembourg;EU;Europe;EURO;Europa;Luxembourg;650774.0;11.737.049.690.016;9.882.242.384;9.987.993.254;9.759.134.711;244.874.264.894.386;8.547;91.453;10.315.778.389.333.300;325.0
LVA;LV;Latvia;EU;Europe;EURO;Europa;Latvia;1883379.0;182.071.396.408.628;8.889.796.078;9.878.260.115;9.242.436.928;305.391.129.680.219;31.685;68.315;6.701.875.457.833.330;
MCO;MC;Monaco;EU;Europe;EURO;Europa;Monaco;36469.0;182.537.304.600.697;8.470.640.914;100.0;100.0;182.150.962.012.827;0.0;100.0;10.145.996.795.250.000;
MDA;MD;Moldova;EU;Europe;EURO;Europa;Republic of Moldova;2592477.0;437.624.249.318.339;5.915.294.877;9.056.996.224;7.872.914.055;917.473.260.542.588;57.151;42.849;1.029.124.587.975;139.0
MKD;MK;Macedonia;EU;Europe;EURO;Europa;North Macedonia;2057679.0;596.545.023.195.365;8.140.553.811;9.774.281.579;9.832.787.804;821.780.729.579.699;41.518;58.482;11.398.377.289.083.300;741.0
MLT;MT;Malta;EU;Europe;EURO;Europa;Malta;523417.0;291.969.777.453.786;8.685.876.183;1.000.000.004;9.996.447.143;16.104.125;5.256;94.744;19.575.896.519.166.600;
MNE;ME;Montenegro;EU;Europe;EURO;Europa;Montenegro;616159.0;767.736.914.105.517;7.760.879.306;9.885.691.652;9.777.177.272;461.937.546.468.401;32.512;67.488;11.235.470.695.916.600;1086.0
NLD;NL;Netherlands;EU;Europe;EURO;Europa;Netherlands;17703090.0;521.625.701.150.397;9.133.333.333;9.999.999.929;9.768.577.085;518.013.068.013.068;7.764;92.236;10.684.758.242.583.300;
NOR;NO;Norway;EU;Europe;EURO;Europa;Norway;5457127.0;683.400.181.033.702;9.700.000.121;999.999.955;9.805.107.359;147.672.152.298.338;17.026;82.974;14.072.738.095.000.000;460.0
POL;PL;Poland;EU;Europe;EURO;Europa;Poland;37561599.0;158.168.204.022.734;8.318.488.715;9.996.659.155;1.000.000.026;123.800.574.919.152;39.957;60.043;872.392.765.625;173.0
PRT;PT;Portugal;EU;Europe;EURO;Europa;Portugal;10379007.0;222.424.064.179.716;7.826.166.044;9.991.199.367;9.960.414.613;112.406.676.011.074;33.69;66.31;15.584.596.612.333.300;372.0
ROU;RO;Romania;EU;Europe;EURO;Europa;Romania;18956666.0;13.047.457.681.178;7.845.526.895;100.0;8.706.644.493;837.328.320.584.145;45.806;54.194;99.866.488.095;414.0
RUS;RU;Russia;EU;Europe;EURO;Europa;Russian Federation;143555736.0;1.019.444.140.625;8.499.466.978;9.699.254.807;893.906.766;879.735.498.907.911;25.246;74.754;-4.049.975.274.333.330;600.0
SJM;SJ;Svalbard;EU;Europe;EURO;Europa;Svalbard;;;;;;;;;;
SMR;SM;San Marino;EU;Europe;EURO;Europa;San Marino;33660.0;45.321.489.222.868;7.048.342.785;100.0;100.0;566.783.333.333.333;2.501;97.499;15.029.782.510.166.600;
SRB;RS;Serbia;EU;Europe;EURO;Europa;Serbia;6760087.0;773.380.349.392.648;7.836.804.864;9.529.552.932;9.789.866.471;788.832.151.840.842;43.554;56.446;11.112.873.626.999.900;442.0
SVK;SK;Slovakia;EU;Europe;EURO;Europa;Slovakia;5431752.0;195.516.211.601.931;8.992.090.413;9.978.769.858;9.753.262.546;113.536.335.274.542;46.24;53.76;8.737.570.512.916.660;482.0
SVN;SI;Slovenia;EU;Europe;EURO;Europa;Slovenia;2108732.0;255.452.410.027.132;8.660.130.109;99.5;9.809.979.585;104.408.881.428.657;44.882;55.118;10.924.890.110.249.900;492.0
SWE;SE;Sweden;EU;Europe;EURO;Europa;Sweden;10486941.0;528.379.039.778.149;9.453.943.122;9.982.686.763;992.862.251;254.207.233.696.844;12.023;87.977;3.671.326.465.083.330;320.0
TUR;TR;Turkey;EU;Europe;EURO;Europa;Türkiye;85341241.0;85.610.643.326.366;776.695.605;9.701.426.916;992.249.463;10.931.931.967.309;23.895;76.105;12.702.276.099;
UKR;UA;Ukraine;EU;Europe;EURO;Europa;Ukraine;38000000.0;37.517.373.046.875;7.503.790.912;9.392.828.195;9.774.271.759;761.685.346.910.597;30.392;69.608;9.152.506.410.083.330;175.0
VAT;VA;Holy See (Vatican City State);EU;Europe;Z999;Sin determinar;Holy See;;;;;;;;;;470.0
ABW;AW;Aruba;NA;North America;AMRO;América;Aruba;106445.0;24.487.863.569.428;;;;592.138.888.888.889;56.303;43.697;28.674.455.586.666.600;
AIA;AI;Anguilla;NA;North America;AMRO;América;Anguilla;;;;;;;;;275.168.044.875;
ATG;AG;Antigua and Barbuda;NA;North America;AMRO;América;Antigua and Barbuda;93763.0;152.847.723.835.378;9.568.550.784;;;210.6;75.567;24.433;;
BHS;BS;Bahamas;NA;North America;AMRO;América;Bahamas;409984.0;239.982.680.191.207;924.760.204;;;406.064.935.064.935;16.755;83.245;2.580.099.130.083.330;
BIH;BA;Bosnia and Herzegovina;EU;Europe;EURO;Europa;Bosnia and Herzegovina;3233526.0;609.510.247.869.327;7.321.175.294;9.611.389.762;;6.481.263.671.875;50.98;49.02;;500.0
BLZ;BZ;Belize;NA;North America;AMRO;América;Belize;405272.0;526.687.616.004.213;5.950.638.944;9.840.195.463;8.821.427.557;173.135.028.496.274;53.975;46.025;25.709.029.304.166.600;173.0
BMU;BM;Bermuda;NA;North America;AMRO;América;Bermuda;63532.0;107.791.886.435.134;;9.990.314.002;9.990.314.002;11.832.037.037.037;0.0;100.0;;
BRB;BB;Barbados;NA;North America;AMRO;América;Barbados;281635.0;166.438.065.787.177;82.458.446;9.851.445.042;9.809.246.231;652.774.418.604.651;68.809;31.191;27.346.887.363.333.300;
CAN;CA;Canada;NA;North America;AMRO;América;Canada;38929902.0;43.349.677.855.557;92.3;9.922.181.066;9.903.286.158;423.922.642.012.405;18.438;81.562;-36.288.901.100.833.300;487.0
CRI;CR;Costa Rica;NA;North America;AMRO;América;Costa Rica;5180829.0;121.792.566.742.377;8.053.018.608;9.981.053.693;9.791.499.372;10.033.499.804.152;19.229;80.771;2.630.870.879;746.0
CUB;CU;Cuba;NA;North America;AMRO;América;Cuba;11212191.0;949.959.020.230.432;7.111.907.507;9.700.269.616;9.135.635.221;108.869.922.928.709;22.806;77.194;26.082.505.493.333.300;108.0
CYM;KY;Cayman Islands;NA;North America;AMRO;América;Cayman Islands;68706.0;838.975.052.077.489;;;;2.804.625;0.0;100.0;27.419.653.388.333.300;
DMA;DM;Dominica;NA;North America;AMRO;América;Dominica;72737.0;700.346.989.117.043;770.650.479;;;959.933.333.333.333;28.91;71.09;270.069.423.075;
DOM;DO;Dominican Republic;NA;North America;AMRO;América;Dominican Republic;11228821.0;716.791.493.205.787;8.219.830.578;9.668.681.192;8.717.818.151;227.689.174.084.041;17.46;82.54;26.389.470.239.166.600;424.0
GLP;GP;Guadeloupe;NA;North America;AMRO;América;Guadeloupe;;;;;;;;;27.233.882.325;
GRD;GD;Grenada;NA;North America;AMRO;América;Grenada;125438.0;84.375.367.823.125;7.472.185.387;;;363.714.705.882.353;63.463;36.537;27.623.688.645;
GRL;GL;Greenland;NA;North America;EURO;Europa;Greenland;56661.0;546.935.114.093.342;;1.000.000.017;9.959.723.347;0.137329760019491;12.718;87.282;-16.917.413.003.916.600;1792.0
GTM;GT;Guatemala;NA;North America;AMRO;América;Guatemala;17357886.0;460.989.725.752.869;4.751.234.167;9.400.642.827;6.792.858.108;157.319.270.250.093;48.164;51.836;237.738.021.975;759.0
HND;HN;Honduras;NA;North America;AMRO;América;Honduras;10432860.0;235.412.148.010.105;4.348.954.646;9.568.922.113;8.377.658.071;904.617.302.708.017;41.641;58.359;25.374.557.693.333.300;684.0
HTI;HT;Haiti;NA;North America;AMRO;América;Haiti;11584996.0;128.314.122.784.667;3.639.474.796;666.953.084;3.712.173.441;410.261.284.470.247;42.912;57.088;27.079.972.526.666.600;470.0
JAM;JM;Jamaica;NA;North America;AMRO;América;Jamaica;2827377.0;489.726.477.019.956;7.943.244.028;910.299.445;8.660.642.453;260.428.070.175.439;43.689;56.311;26.823.438.643.333.300;18.0
KNA;KN;Saint Kitts and Nevis;NA;North America;AMRO;América;Saint Kitts and Nevis;47657.0;185.660.178.460.649;8.035.854.111;;;183.238.461.538.462;69.157;30.843;;
MSR;MS;Montserrat;NA;North America;AMRO;América;Montserrat;;;;;;;;;27.289.261.446.666.600;
SPM;PM;Saint Pierre and Miquelon;NA;North America;AMRO;América;Saint Pierre and Miquelon;;;;;;;;;;
VIR;VI;US Virgin Islands;NA;North America;Z999;Sin determinar;United States Virgin Islands;105413.0;395.521.685.953.523;;9.871.826.738;9.937.127.753;303.685.714.285.714;406.100.000.000.001;95.939;;
ASM;AS;American Samoa;OC;Oceania;WPRO;Pacífico Occidental;American Samoa;44273.0;155.015.263.374.397;;9.977.377.166;5.445.476.038;230.945;12.847;87.153;27.250.702.381.666.600;
AUS;AU;Australia;OC;Oceania;WPRO;Pacífico Occidental;Australia;25978935.0;517.220.690.001.531;9.639.446.689;9.996.981.182;9.999.115.238;333.531.231.068.042;13.759;86.241;22.284.413.004.166.600;330.0
COK;CK;Cook Islands;OC;Oceania;WPRO;Pacífico Occidental;Cook Islands;;;;;;;;;;
FJI;FJ;Fiji;OC;Oceania;WPRO;Pacífico Occidental;Fiji;929766.0;486.410.600.771.307;848.767.809;9.430.106.524;9.916.077.717;503.788.724.685.276;42.753;57.247;2.567.336.080.583.330;
FSM;FM;Micronesia;OC;Oceania;WPRO;Pacífico Occidental;Micronesia (Federated States of);114164.0;363.941.269.869.588;4.012.946.709;;;160.151.428.571.429;77.067;22.933;;
GUM;GU;Guam;OC;Oceania;WPRO;Pacífico Occidental;Guam;171774.0;347.808.616.624.614;;996.952;;313.390.740.740.741;5.062;94.938;27.423.331.503.333.300;
KIR;KI;Kiribati;OC;Oceania;WPRO;Pacífico Occidental;Kiribati;131232.0;140.399.373.815.921;4.514.804.292;7.797.092.085;4.557.596.312;156.127.160.493.827;44.406;55.594;27.471.991.299.166.600;
MHL;MH;Marshall Islands;OC;Oceania;WPRO;Pacífico Occidental;Marshall Islands;41569.0;556.797.272.706.332;;8.857.204.698;8.415.036.532;241.183.333.333.333;22.206;77.794;;
MNP;MP;Northern Mariana Islands;OC;Oceania;WPRO;Pacífico Occidental;Northern Mariana Islands (Commonwealth of the);49551.0;173.029.221.368.504;;100.0;7.911.631.606;107.797.826.086.957;8.202;91.798;27.423.331.503.333.300;
NCL;NC;New Caledonia;OC;Oceania;WPRO;Pacífico Occidental;New Caledonia;276780.0;347.009.816.157.681;;9.930.532.057;100.0;149.048.140.043.764;28.482;71.518;23.429.723.900.833.300;
NFK;NF;Norfolk Island;OC;Oceania;Z999;Sin determinar;Norfolk Island;;;;;;;;;;
NIU;NU;Niue;OC;Oceania;WPRO;Pacífico Occidental;Niue;;;;;;;;;257.621.868.125;
NRU;NR;Nauru;OC;Oceania;WPRO;Pacífico Occidental;Nauru;12668.0;101.247.004.971.896;766.826.512;100.0;;615.75;0.0;100.0;;
NZL;NZ;New Zealand;OC;Oceania;WPRO;Pacífico Occidental;New Zealand;5124100.0;417.605.947.839.997;928.650.738;1.000.000.013;1.000.000.013;193.315.863.430.937;13.301;86.699;11.004.740.383.833.300;388.0
PCN;PN;Pitcairn;OC;Oceania;WPRO;Pacífico Occidental;Pitcairn Islands;;;;;;;;;;
PLW;PW;Palau;OC;Oceania;WPRO;Pacífico Occidental;Palau;18055.0;140.162.474.961.051;;996.575.455;9.962.327.456;390.695.652.173.913;19.012;80.988;2.773.867.216.083.330;
PNG;PG;Papua New Guinea;OC;Oceania;WPRO;Pacífico Occidental;Papua New Guinea;10142619.0;244.608.441.340.059;2.773.001.017;4.534.401.752;1.922.383.321;215.290.376.716.866;86.655;13.345;24.957.375;667.0
PYF;PF;French Polynesia;OC;Oceania;WPRO;Pacífico Occidental;French Polynesia;306279.0;189.846.173.795.396;;100.0;9.700.338.108;869.835.782.195.333;38.025;61.975;26.782.479.395.833.300;
SLB;SB;Solomon Islands;OC;Oceania;WPRO;Pacífico Occidental;Solomon Islands;724273.0;222.246.214.297.336;3.588.145.793;6.730.102.554;3.475.592.548;246.942.122.186.495;75.33;24.67;273.093.594.325;514.0
TKL;TK;Tokelau;OC;Oceania;WPRO;Pacífico Occidental;Tokelau;;;;;;;;;;
TON;TO;Tonga;OC;Oceania;WPRO;Pacífico Occidental;Tonga;106858.0;460.597.087.843.701;6.664.843.101;9.873.108.083;9.289.333.236;146.186.111.111.111;76.901;23.099;23.904.578.295.833.300;
TUV;TV;Tuvalu;OC;Oceania;WPRO;Pacífico Occidental;Tuvalu;11312.0;467.490.908.818.494;;100.0;;368.966.666.666.667;35.986;64.014;;
UMI;UM;United States Minor Outlying Islands;OC;Oceania;Z999;Sin determinar;United States Minor Outlying Islands;;;;;;;;;;
VUT;VU;Vanuatu;OC;Oceania;WPRO;Pacífico Occidental;Vanuatu;326740.0;291.775.684.908.933;5.327.502.287;9.123.119.075;5.270.704.482;255.689.089.417.555;74.475;25.525;;
WLF;WF;Wallis and Futuna;OC;Oceania;WPRO;Pacífico Occidental;Wallis and Futuna;;;;;;;;;;
WSM;WS;Samoa;OC;Oceania;WPRO;Pacífico Occidental;Samoa;222382.0;404.272.271.474.144;6.920.598.813;9.183.772.455;9.676.586.368;773.125.899.280.575;82.111;17.889;269.655.087;
ARG;AR;Argentina;SA;South America;AMRO;América;Argentina;46234830.0;8.496.428.156.755;8.551.438.646;;;16.580.892.611.147;7.889;92.111;15.288.615.385;595.0
BOL;BO;Bolivia;SA;South America;AMRO;América;Bolivia (Plurinational State of);12224110.0;306.881.255.516.456;5.994.010.155;9.339.007.163;6.575.642.485;110.183.347.179.913;29.877;70.123;213.740.641.025;1192.0
BRA;BR;Brazil;SA;South America;AMRO;América;Brazil;215313498.0;692.370.019.715.065;8.134.269.353;9.932.085.299;9.007.847.103;255.076.253.807.665;12.927;87.073;2.558.887.591.583.330;320.0
CHL;CL;Chile;SA;South America;AMRO;América;Chile;19603733.0;131.653.863.429.858;8.637.099.516;9.999.999.872;9.999.999.872;259.576.117.773.008;12.273;87.727;9.952.012.820.583.330;1871.0
COL;CO;Colombia;SA;South America;AMRO;América;Colombia;51874024.0;530.428.912.886.637;7.084.997.062;9.749.165.711;9.368.063.058;459.041.568.273.997;18.575;81.425;25.461.909.340.833.300;593.0
CUW;CW;Curaçao;SA;South America;AMRO;América;Curaçao;149996.0;161.098.617.501.685;;;;34.897.972.972.973;10.938;89.062;28.115.303.570.833.300;
ECU;EC;Ecuador;SA;South America;AMRO;América;Ecuador;18001000.0;564.519.928.965.332;70.7;9.535.976.356;9.152.492.213;708.189.523.272.669;35.834;64.166;22.461.978.022.500.000;1117.0
FLK;FK;Falkland Islands (Malvinas);SA;South America;AMRO;América;Falkland Islands (Malvinas);;;;;;;;;;
GUF;GF;French Guiana;SA;South America;AMRO;América;French Guiana;;;;;;;;;266.455.123.625;207.0
GUY;GY;Guyana;SA;South America;AMRO;América;Guyana;808726.0;686.307.434.593.017;818.019.792;9.555.480.685;8.578.250.661;404.979.425.958.852;73.214;26.786;26.804.067.307.500.000;207.0
PER;PE;Peru;SA;South America;AMRO;América;Peru;34049588.0;606.362.657.980.167;6.525.179.796;9.313.936.621;7.857.670.211;26.019.340.625;21.703;78.297;20.385.819.139.166.600;1155.0
PRY;PY;Paraguay;SA;South America;AMRO;América;Paraguay;6780744.0;535.334.804.464.198;7.395.751.114;9.959.346.633;927.207.854;166.591.870.123.332;37.817;62.183;24.037.329.670.000.000;178.0
SUR;SR;Suriname;SA;South America;AMRO;América;Suriname;618040.0;479.653.331.389.928;6.208.563.779;9.798.963.167;8.995.421.143;389.144.230.769.231;33.851;66.149;27.078.423.994.166.600;246.0
URY;UY;Uruguay;SA;South America;AMRO;América;Uruguay;3422794.0;156.504.994.274.155;8.631.019.103;9.949.575.756;9.805.452.933;195.925.379.956.576;4.485;95.515;17.987.665.750.833.300;109.0
VEN;VE;Venezuela;SA;South America;AMRO;América;Venezuela (Bolivarian Republic of);28301696.0;;;9.368.580.071;9.575.957.043;323.002.698.259.736;11.721;88.279;25.828.096.153.333.300;450.0
Z99;Z9;Sin determinar;Z9;Sin determinar;Z999;Sin determinar;Sin determinar;;;;;;;;;;
LCA;LC;Saint Lucia;NA;North America;AMRO;América;Saint Lucia;179857.0;845.807.506.262.658;7.753.773.417;9.688.784.457;8.336.810.833;293.831.147.540.984;81.159;18.841;27.533.510.073.333.300;
MEX;MX;Mexico;NA;North America;AMRO;América;Mexico;127504125.0;865.499.732.516.958;7.149.017.499;9.967.956.828;9.242.406.261;648.156.084.261.426;19.269;80.731;21.271.659.799.166.600;1111.0
MTQ;MQ;Martinique;NA;North America;AMRO;América;Martinique;;;;;;;;;270.069.423.075;
NIC;NI;Nicaragua;NA;North America;AMRO;América;Nicaragua;6948392.0;187.660.737.169.569;534.046.527;817.087.538;7.302.109.747;561.400.614.924.381;40.988;59.012;266.640.673.075;298.0
PAN;PA;Panama;NA;North America;AMRO;América;Panama;4408581.0;132.933.332.050.433;6.554.188.027;9.437.254.436;8.457.385.023;578.915.610.676.732;31.586;68.414;270.030.599.825;360.0
PRI;PR;Puerto Rico;NA;North America;AMRO;América;Puerto Rico;3221789.0;314.274.291.136.799;;100.0;100.0;369.961.330.326.945;6.419;93.581;26.337.610.805;261.0
SLV;SV;El Salvador;NA;North America;AMRO;América;El Salvador;6336392.0;396.172.663.347.599;5.460.136.976;9.794.657.541;8.244.975.254;303.703.233.590.734;26.556;73.444;25.580.521.520.833.300;442.0
SSD;SS;Sudán del Sur;AF;Africa;AFRO;Africa;Sudán del Sur;10913164.0;;6.5;4.095.092.717;1.584.481.734;167.838.637.190.828;79.801;20.199;;
TCA;TC;Turks and Caicos Islands;NA;North America;AMRO;América;Turks and Caicos Islands;45703.0;208.822.612.702.141;;;;466.063.157.894.737;6.395;93.605;;
TTO;TT;Trinidad and Tobago;NA;North America;AMRO;América;Trinidad and Tobago;1531044.0;138.717.982.158.614;7.867.115.844;9.887.517.077;9.391.521.101;295.935.087.719.298;46.786;53.214;;83.0
USA;US;United States;NA;North America;AMRO;América;United States of America;333287557.0;635.286.343.027.508;9.062.047.017;9.988.352.668;9.967.961.928;362.409.851.083.694;17.336;82.664;9.661.949.633.833.330;760.0
VCT;VC;Saint Vincent and the Grenadines;NA;North America;AMRO;América;Saint Vincent and the Grenadines;103948.0;830.636.758.115.851;80.429.529;;;26.828.717.948.718;46.968;53.032;;
VGB;VG;British Virgin Islands;NA;North America;AMRO;América;British Virgin Islands;31305.0;;;9.986.438.356;;206.066.666.666.667;51.485;48.515;27.242.332.875;
BLM;BL;San Bartolomé;NA;North America;AMRO;América;Saint Barthélemy;;;;;;;;;;
MAF;MF;San Martín;NA;North America;AMRO;América;Saint Martin;31791.0;;;9.999.927.139;100.0;651.06;;;;
SXM;SX;San Martín;NA;North America;AMRO;América;San Martín;43389.0;293.140.942.947.043;;;;124.441.176.470.588;0.0;100.0;;
